datetime,account,return,total_turnover,turnover,total_cost,cost,value,cash,bench
2023-08-08,999748.2826269531,-3.26281224261038e-17,839057.91015625,0.83905791015625,251.71737304687497,0.00025171737304687496,839057.91015625,160690.3724707031,-0.0034682155
2023-08-09,1001839.2005957031,0.00209144442164569,839057.91015625,0.0,251.71737304687497,0.0,841148.828125,160690.3724707031,-0.0017401576
2023-08-10,993176.7982519531,-0.008646499696357713,839057.91015625,0.0,251.71737304687497,0.0,832486.42578125,160690.3724707031,0.0011621714
2023-08-11,982124.7474707031,-0.01112797922857464,839057.91015625,0.0,251.71737304687497,0.0,821434.375,160690.3724707031,-0.020313442
2023-08-14,978540.2748144531,-0.0036497121831836595,839057.91015625,0.0,251.71737304687497,0.0,817849.90234375,160690.3724707031,-0.0059241652
2023-08-15,978241.5931738281,-0.00030523183185447814,839057.91015625,0.0,251.71737304687497,0.0,817551.220703125,160690.3724707031,-0.0011918545
2023-08-16,971968.8392675781,-0.006412274789807845,839057.91015625,0.0,251.71737304687497,0.0,811278.466796875,160690.3724707031,-0.0065632463
2023-08-17,976449.3568457031,0.004609733766260727,839057.91015625,0.0,251.71737304687497,0.0,815758.984375,160690.3724707031,0.0030030012
2023-08-18,965696.0365332031,-0.011012675913103419,839057.91015625,0.0,251.71737304687497,0.0,805005.6640625,160690.3724707031,-0.010778427
2023-08-21,954644.0345800781,-0.011444596990167935,839057.91015625,0.0,251.71737304687497,0.0,793953.662109375,160690.3724707031,-0.012106538
2023-08-22,959124.5521582031,0.004693390851277731,839057.91015625,0.0,251.71737304687497,0.0,798434.1796875,160690.3724707031,0.005514741
2023-08-23,948072.5502050781,-0.011523010153640633,839057.91015625,0.0,251.71737304687497,0.0,787382.177734375,160690.3724707031,-0.012797117
2023-08-24,952254.3861425781,0.004410881779664884,839057.91015625,0.0,251.71737304687497,0.0,791564.013671875,160690.3724707031,0.0055555105
2023-08-25,959721.9642675781,0.00784199919020578,839057.91015625,0.0,251.71737304687497,0.0,799031.591796875,160690.3724707031,-0.0018415451
2023-08-28,961812.8822363281,0.0021786705385509293,839057.91015625,0.0,251.71737304687497,0.0,801122.509765625,160690.3724707031,0.012300134
2023-08-29,955838.8099707031,-0.006211262477306999,839057.91015625,0.0,251.71737304687497,0.0,795148.4375,160690.3724707031,0.004860282
2023-08-30,953747.8920019531,-0.0021875215223936006,839057.91015625,0.0,251.71737304687497,0.0,793057.51953125,160690.3724707031,0.0
2023-08-31,937319.2298925781,-0.01722537186938428,839057.91015625,0.0,251.71737304687497,0.0,776628.857421875,160690.3724707031,-0.004232228
2023-09-01,938812.7357519531,0.0015933801545351459,839057.91015625,0.0,251.71737304687497,0.0,778122.36328125,160690.3724707031,0.0048573017
2023-09-04,950462.1498144531,0.01240866641329622,839057.91015625,0.0,251.71737304687497,0.0,789771.77734375,160690.3724707031,0.013293147
2023-09-05,938215.3236425781,-0.012885127697368902,839057.91015625,0.0,251.71737304687497,0.0,777524.951171875,160690.3724707031,-0.0059630275
2023-09-06,942994.5716894531,0.005093977817714369,839057.91015625,0.0,251.71737304687497,0.0,782304.19921875,160690.3724707031,-0.0023995638
2023-09-07,933734.8060644531,-0.009819532267731256,839057.91015625,0.0,251.71737304687497,0.0,773044.43359375,160690.3724707031,-0.012026429
2023-09-08,930747.7455175781,-0.0031990459469589607,839057.91015625,0.0,251.71737304687497,0.0,770057.373046875,160690.3724707031,-0.0042604804
2023-09-11,940604.9720800781,0.010590653171035629,839057.91015625,0.0,251.71737304687497,0.0,779914.599609375,160690.3724707031,0.0061124563
2023-09-12,943591.9837988281,0.0031756282471529416,839057.91015625,0.0,251.71737304687497,0.0,782901.611328125,160690.3724707031,-0.0012150407
2023-09-13,942695.8900488281,-0.0009496623173846773,839057.91015625,0.0,251.71737304687497,0.0,782005.517578125,160690.3724707031,-0.005474508
2023-09-14,944786.8080175781,0.002218019608255318,839057.91015625,0.0,251.71737304687497,0.0,784096.435546875,160690.3724707031,-0.00061166286
2023-09-15,941202.3841894531,-0.0037938969910535736,839057.91015625,0.0,251.71737304687497,0.0,780512.01171875,160690.3724707031,-0.0042839646
2023-09-18,945682.9017675781,0.004760418857187174,839057.91015625,0.0,251.71737304687497,0.0,784992.529296875,160690.3724707031,0.0030730963
2023-09-19,944189.3959082031,-0.0015792882123420913,839057.91015625,0.0,251.71737304687497,0.0,783499.0234375,160690.3724707031,-0.0012254715
2023-09-20,941501.0658300781,-0.002847236041598552,839057.91015625,0.0,251.71737304687497,0.0,780810.693359375,160690.3724707031,-0.003681004
2023-09-21,933137.3939550781,-0.008883337659980381,839057.91015625,0.0,251.71737304687497,0.0,772447.021484375,160690.3724707031,-0.008004904
2023-09-22,955241.4466894531,0.023687886561578633,839057.91015625,0.0,251.71737304687497,0.0,794551.07421875,160690.3724707031,0.017380595
2023-09-25,957033.6341894531,0.0018761617873796427,839057.91015625,0.0,251.71737304687497,0.0,796343.26171875,160690.3724707031,-0.0067114234
2023-09-26,960319.3763769531,0.003433256753074113,839057.91015625,0.0,251.71737304687497,0.0,799629.00390625,160690.3724707031,-0.0049139857
2023-09-27,956436.2220800781,-0.004043607150284917,839057.91015625,0.0,251.71737304687497,0.0,795745.849609375,160690.3724707031,0.0024690628
2023-09-28,953150.4798925781,-0.003435401244375811,839057.91015625,0.0,251.71737304687497,0.0,792460.107421875,160690.3724707031,-0.0030788183
2023-10-09,954345.3041113281,0.0012535525543507663,839057.91015625,0.0,251.71737304687497,0.0,793654.931640625,160690.3724707031,-0.0024706125
2023-10-10,960916.7884863281,0.006885856038364716,839057.91015625,0.0,251.71737304687497,0.0,800226.416015625,160690.3724707031,-0.006191969
2023-10-11,968683.0970800781,0.008082186394082862,839057.91015625,0.0,251.71737304687497,0.0,807992.724609375,160690.3724707031,0.0018692017
2023-10-12,970176.6029394531,0.0015417899454185854,839057.91015625,0.0,251.71737304687497,0.0,809486.23046875,160690.3724707031,0.008084536
2023-10-13,962709.0248144531,-0.007697132771883634,839057.91015625,0.0,251.71737304687497,0.0,802018.65234375,160690.3724707031,-0.008019745
2023-10-16,951358.2923925781,-0.01179040824309575,839057.91015625,0.0,251.71737304687497,0.0,790667.919921875,160690.3724707031,-0.009328365
2023-10-17,962709.0248144531,0.011931080553604003,839057.91015625,0.0,251.71737304687497,0.0,802018.65234375,160690.3724707031,0.0025109053
2023-10-18,954942.7162207031,-0.008067140115619912,839057.91015625,0.0,251.71737304687497,0.0,794252.34375,160690.3724707031,-0.0062617064
2023-10-19,942098.4779394531,-0.013450270956652318,839057.91015625,0.0,251.71737304687497,0.0,781408.10546875,160690.3724707031,-0.018273473
2023-10-20,936124.4056738281,-0.0063412396957602795,839057.91015625,0.0,251.71737304687497,0.0,775434.033203125,160690.3724707031,-0.0044929385
2023-10-23,925072.4037207031,-0.011806125218121731,839057.91015625,0.0,251.71737304687497,0.0,764382.03125,160690.3724707031,-0.009026468
2023-10-24,925669.7670019531,0.0006457475964555476,839057.91015625,0.0,251.71737304687497,0.0,764979.39453125,160690.3724707031,0.0013012886
2023-10-25,938812.7357519531,0.014198334242423486,839057.91015625,0.0,251.71737304687497,0.0,778122.36328125,160690.3724707031,0.0051982403
2023-10-26,937617.9115332031,-0.0012726970707241114,839057.91015625,0.0,251.71737304687497,0.0,776927.5390625,160690.3724707031,0.0025856495
2023-10-27,963605.1185644531,0.027716201569523598,839057.91015625,0.0,251.71737304687497,0.0,802914.74609375,160690.3724707031,0.012894869
2023-10-30,957332.3646582031,-0.006509672671306417,839057.91015625,0.0,251.71737304687497,0.0,796641.9921875,160690.3724707031,0.0038192272
2023-10-31,979735.0990332031,0.023401208610552365,839057.91015625,0.0,251.71737304687497,0.0,819044.7265625,160690.3724707031,-0.0019023418
2023-11-01,976748.0873144531,-0.0030487952526122276,839057.91015625,0.0,251.71737304687497,0.0,816057.71484375,160690.3724707031,0.0
2023-11-02,977345.4994238281,0.000611633764257037,839057.91015625,0.0,251.71737304687497,0.0,816655.126953125,160690.3724707031,-0.0044472218
2023-11-03,985111.7591894531,0.007946278741963228,839057.91015625,0.0,251.71737304687497,0.0,824421.38671875,160690.3724707031,0.007019758
2023-11-06,983618.2045019531,-0.001516127153663146,839057.91015625,0.0,251.71737304687497,0.0,822927.83203125,160690.3724707031,0.0114068985
2023-11-07,985111.7591894531,0.0015184292855338613,839057.91015625,0.0,251.71737304687497,0.0,824421.38671875,160690.3724707031,-0.0031328201
2023-11-08,984514.3959082031,-0.0006063913821732355,839057.91015625,0.0,251.71737304687497,0.0,823824.0234375,160690.3724707031,-0.002514124
2023-11-09,986007.8529394531,0.0015169478856348294,839057.91015625,0.0,251.71737304687497,0.0,825317.48046875,160690.3724707031,0.0006301403
2023-11-10,982722.1107519531,-0.0033323691872277255,839057.91015625,0.0,251.71737304687497,0.0,822031.73828125,160690.3724707031,-0.0062972903
2023-11-13,980033.8295019531,-0.002735545705736689,839057.91015625,0.0,251.71737304687497,0.0,819343.45703125,160690.3724707031,-0.000633657
2023-11-14,975254.5326269531,-0.004876665203923428,839057.91015625,0.0,251.71737304687497,0.0,814564.16015625,160690.3724707031,0.0
2023-11-15,974955.8509863281,-0.00030626019221922387,839057.91015625,0.0,251.71737304687497,0.0,814265.478515625,160690.3724707031,0.0057070255
2023-11-16,967786.9545019531,-0.007353047296575002,839057.91015625,0.0,251.71737304687497,0.0,807096.58203125,160690.3724707031,-0.008196712
2023-11-17,965696.0365332031,-0.002160514727981674,839057.91015625,0.0,251.71737304687497,0.0,805005.6640625,160690.3724707031,-0.0012714267
2023-11-20,971968.8392675781,0.006495628538451939,839057.91015625,0.0,251.71737304687497,0.0,811278.466796875,160690.3724707031,0.0025461912
2023-11-21,980631.1927832031,0.00891217204262687,839057.91015625,0.0,251.71737304687497,0.0,819940.8203125,160690.3724707031,0.0012698174
2023-11-22,973163.6146582031,-0.00761507300599495,839057.91015625,0.0,251.71737304687497,0.0,812473.2421875,160690.3724707031,-0.009511709
2023-11-23,976449.3568457031,0.003376351250713403,839057.91015625,0.0,251.71737304687497,0.0,815758.984375,160690.3724707031,0.004481435
2023-11-24,977644.1810644531,0.001223641769410069,839057.91015625,0.0,251.71737304687497,0.0,816953.80859375,160690.3724707031,-0.005736172
2023-11-27,972566.2025488281,-0.005194096803293124,839057.91015625,0.0,251.71737304687497,0.0,811875.830078125,160690.3724707031,-0.005769193
2023-11-28,975254.5326269531,0.002764161525538958,839057.91015625,0.0,251.71737304687497,0.0,814564.16015625,160690.3724707031,0.00064480305
2023-11-29,968683.0970800781,-0.00673817483234262,839057.91015625,0.0,251.71737304687497,0.0,807992.724609375,160690.3724707031,-0.0064433217
2023-11-30,974657.1693457031,0.00616721018838129,839057.91015625,0.0,251.71737304687497,0.0,813966.796875,160690.3724707031,0.0012969971
2023-12-01,968683.0970800781,-0.006129408835760633,839057.91015625,0.0,251.71737304687497,0.0,807992.724609375,160690.3724707031,-0.0032383204
2023-12-04,961215.5189550781,-0.007709000133799875,839057.91015625,0.0,251.71737304687497,0.0,800525.146484375,160690.3724707031,-0.0058479905
2023-12-05,950163.4681738281,-0.01149799453224029,839057.91015625,0.0,251.71737304687497,0.0,789473.095703125,160690.3724707031,-0.016339839
2023-12-06,950163.4681738281,0.0,839057.91015625,0.0,251.71737304687497,0.0,789473.095703125,160690.3724707031,0.0013289452
2023-12-07,947773.8197363281,-0.002514986649710705,839057.91015625,0.0,251.71737304687497,0.0,787083.447265625,160690.3724707031,-0.0019907355
2023-12-08,948072.5502050781,0.00031519172879570275,839057.91015625,0.0,251.71737304687497,0.0,787382.177734375,160690.3724707031,0.0013298988
2023-12-11,947176.4564550781,-0.0009451742377797621,839057.91015625,0.0,251.71737304687497,0.0,786486.083984375,160690.3724707031,0.005976081
2023-12-12,950760.8802832031,0.0037843253004198794,839057.91015625,0.0,251.71737304687497,0.0,790070.5078125,160690.3724707031,0.0019801855
2023-12-13,932241.2513769531,-0.01947874517169192,839057.91015625,0.0,251.71737304687497,0.0,771550.87890625,160690.3724707031,-0.013834
2023-12-14,933734.8060644531,0.0016021117766393273,839057.91015625,0.0,251.71737304687497,0.0,773044.43359375,160690.3724707031,-0.0040079355
2023-12-15,922682.7552832031,-0.011836391563716762,839057.91015625,0.0,251.71737304687497,0.0,761992.3828125,160690.3724707031,-0.002012074
2023-12-18,925371.0853613281,0.0029136017366010692,839057.91015625,0.0,251.71737304687497,0.0,764680.712890625,160690.3724707031,-0.0033602118
2023-12-19,920890.5189550781,-0.004841913127748616,839057.91015625,0.0,251.71737304687497,0.0,760200.146484375,160690.3724707031,0.00067424774
2023-12-20,917306.0951269531,-0.003892345240118442,839057.91015625,0.0,251.71737304687497,0.0,756615.72265625,160690.3724707031,-0.0080862045
2023-12-21,927163.3216894531,0.01074584221653491,839057.91015625,0.0,251.71737304687497,0.0,766472.94921875,160690.3724707031,0.008152127
2023-12-22,937319.2298925781,0.010953742415758172,839057.91015625,0.0,251.71737304687497,0.0,776628.857421875,160690.3724707031,0.001347661
2023-12-25,940306.2416113281,0.0031867603090702918,839057.91015625,0.0,251.71737304687497,0.0,779615.869140625,160690.3724707031,0.0020188093
2023-12-26,931643.8392675781,-0.009212320370123173,839057.91015625,0.0,251.71737304687497,0.0,770953.466796875,160690.3724707031,-0.0047011375
2023-12-27,941202.3841894531,0.010259870262641949,839057.91015625,0.0,251.71737304687497,0.0,780512.01171875,160690.3724707031,0.0026990175
2023-12-28,962709.0248144531,0.022850176525552622,839057.91015625,0.0,251.71737304687497,0.0,802018.65234375,160690.3724707031,0.020861387
2023-12-29,959721.9642675781,-0.003102765705817195,839057.91015625,0.0,251.71737304687497,0.0,799031.591796875,160690.3724707031,0.0026367903
2024-01-02,945384.2201269531,-0.01493947692607723,839057.91015625,0.0,251.71737304687497,0.0,784693.84765625,160690.3724707031,-0.011176884
2024-01-03,939111.4662207031,-0.006635137093157372,839057.91015625,0.0,251.71737304687497,0.0,778421.09375,160690.3724707031,-0.0026595592
2024-01-04,936423.1361425781,-0.0028626315137474942,839057.91015625,0.0,251.71737304687497,0.0,775732.763671875,160690.3724707031,-0.0073333383
2024-01-05,940903.6537207031,0.004784714735457801,839057.91015625,0.0,251.71737304687497,0.0,780213.28125,160690.3724707031,-0.0047011375
2024-01-08,941799.7962988281,0.0009524275674574116,839057.91015625,0.0,251.71737304687497,0.0,781109.423828125,160690.3724707031,-0.0114709735
2024-01-09,946579.0443457031,0.0050745902320821585,839057.91015625,0.0,251.71737304687497,0.0,785888.671875,160690.3724707031,0.0020477772
2024-01-10,954345.3041113281,0.00820455493074349,839057.91015625,0.0,251.71737304687497,0.0,793654.931640625,160690.3724707031,-0.0040872097
2024-01-11,955241.4466894531,0.0009390129277782473,839057.91015625,0.0,251.71737304687497,0.0,794551.07421875,160690.3724707031,0.004787922
2024-01-12,959721.9642675781,0.004690455584452469,839057.91015625,0.0,251.71737304687497,0.0,799031.591796875,160690.3724707031,-0.002722919
2024-01-15,958527.1888769531,-0.0012449182524824317,839057.91015625,0.0,251.71737304687497,0.0,797836.81640625,160690.3724707031,-0.0013651848
2024-01-16,964202.5306738281,0.0059208980848257904,839057.91015625,0.0,251.71737304687497,0.0,803512.158203125,160690.3724707031,0.006151676
2024-01-17,949267.3744238281,-0.01548964639157568,839057.91015625,0.0,251.71737304687497,0.0,788577.001953125,160690.3724707031,-0.01902175
2024-01-18,959721.9642675781,0.011013324723285227,839057.91015625,0.0,251.71737304687497,0.0,799031.591796875,160690.3724707031,0.011080384
2024-01-19,963306.4369238281,0.003734907389543312,839057.91015625,0.0,251.71737304687497,0.0,802616.064453125,160690.3724707031,0.0020548105
2024-01-22,957631.0462988281,-0.005891573446891409,839057.91015625,0.0,251.71737304687497,0.0,796940.673828125,160690.3724707031,-0.01777172
2024-01-23,951059.5619238281,-0.006862229874854509,839057.91015625,0.0,251.71737304687497,0.0,790369.189453125,160690.3724707031,0.0062630177
2024-01-24,961215.5189550781,0.010678570972680476,839057.91015625,0.0,251.71737304687497,0.0,800525.146484375,160690.3724707031,0.013139725
2024-01-25,969280.5091894531,0.008390407848535697,839057.91015625,0.0,251.71737304687497,0.0,808590.13671875,160690.3724707031,0.013651848
2024-01-26,973163.6146582031,0.004006173065418587,839057.91015625,0.0,251.71737304687497,0.0,812473.2421875,160690.3724707031,-0.001346767
2024-01-29,981826.0170019531,0.008901280538311566,839057.91015625,0.0,251.71737304687497,0.0,821135.64453125,160690.3724707031,-0.0074174404
2024-01-30,975553.2630957031,-0.006388865030694661,839057.91015625,0.0,251.71737304687497,0.0,814862.890625,160690.3724707031,-0.014266312
2024-01-31,969877.8724707031,-0.005817612261364797,839057.91015625,0.0,251.71737304687497,0.0,809187.5,160690.3724707031,-0.0055134296
2024-02-01,965994.7670019531,-0.004003705599405038,839057.91015625,0.0,251.71737304687497,0.0,805304.39453125,160690.3724707031,-0.0006929636
2024-02-02,965994.7670019531,0.0,839057.91015625,0.0,251.71737304687497,0.0,805304.39453125,160690.3724707031,-0.0076283216
2024-02-05,986605.3138769531,0.02133608543135962,839057.91015625,0.0,251.71737304687497,0.0,825914.94140625,160690.3724707031,0.004891634
2024-02-06,1001241.7396582031,0.014835137795614404,839057.91015625,0.0,251.71737304687497,0.0,840551.3671875,160690.3724707031,0.0264256
2024-02-07,1005423.5755957031,0.0041766496260209505,839057.91015625,0.0,251.71737304687497,0.0,844733.203125,160690.3724707031,0.007452607
2024-02-08,1002436.5638769531,-0.002970898824388742,839057.91015625,0.0,251.71737304687497,0.0,841746.19140625,160690.3724707031,0.0053799152
2024-02-19,1006917.1302832031,0.004469675755761818,839057.91015625,0.0,251.71737304687497,0.0,846226.7578125,160690.3724707031,0.0066889524
2024-02-20,1017371.7201269531,0.010382770864976314,839057.91015625,0.0,251.71737304687497,0.0,856681.34765625,160690.3724707031,0.0033222437
2024-02-21,1022449.6498144531,0.004991223548917153,839057.91015625,0.0,251.71737304687497,0.0,861759.27734375,160690.3724707031,0.011920571
2024-02-22,1028722.5013769531,0.006135120261069435,839057.91015625,0.0,251.71737304687497,0.0,868032.12890625,160690.3724707031,0.005890012
2024-02-23,1026332.8529394531,-0.002322928131057148,839057.91015625,0.0,251.71737304687497,0.0,865642.48046875,160690.3724707031,0.0006506443
2024-02-26,1017670.4505957031,-0.008440149137719384,839057.91015625,0.0,251.71737304687497,0.0,856980.078125,160690.3724707031,-0.008452535
2024-02-27,1009306.7787207031,-0.008218448192245579,839057.91015625,0.0,251.71737304687497,0.0,848616.40625,160690.3724707031,0.010491848
2024-02-28,1003033.9271582031,-0.00621500984116132,839057.91015625,0.0,251.71737304687497,0.0,842343.5546875,160690.3724707031,-0.009085059
2024-02-29,1007514.4935644531,0.004467013811730523,839057.91015625,0.0,251.71737304687497,0.0,846824.12109375,160690.3724707031,0.0137524605
2024-03-01,1004826.2123144531,-0.002668230846475683,839057.91015625,0.0,251.71737304687497,0.0,844135.83984375,160690.3724707031,0.0064599514
2024-03-04,1001241.7396582031,-0.003567256319870232,839057.91015625,0.0,251.71737304687497,0.0,840551.3671875,160690.3724707031,-0.0006418228
2024-03-05,1022449.6498144531,0.021181608113431036,839057.91015625,0.0,251.71737304687497,0.0,861759.27734375,160690.3724707031,0.006422639
2024-03-06,1011995.0599707031,-0.01022504124838541,839057.91015625,0.0,251.71737304687497,0.0,851304.6875,160690.3724707031,-0.0031908154
2024-03-07,1013488.6146582031,0.001475851757164939,839057.91015625,0.0,251.71737304687497,0.0,852798.2421875,160690.3724707031,-0.0044814944
2024-03-08,1006021.0365332031,-0.007368191430071886,839057.91015625,0.0,251.71737304687497,0.0,845330.6640625,160690.3724707031,0.0025724173
2024-03-11,1011995.0599707031,0.005938268903488114,839057.91015625,0.0,251.71737304687497,0.0,851304.6875,160690.3724707031,0.0115458965
2024-03-12,1016774.3568457031,0.004722648423934361,839057.91015625,0.0,251.71737304687497,0.0,856083.984375,160690.3724707031,0.0006340742
2024-03-13,1002137.8334082031,-0.014395055637424098,839057.91015625,0.0,251.71737304687497,0.0,841447.4609375,160690.3724707031,-0.0044359565
2024-03-14,1001839.2005957031,-0.0002979957472360563,839057.91015625,0.0,251.71737304687497,0.0,841148.828125,160690.3724707031,-0.0031827092
2024-03-15,1021553.5560644531,0.01967816337894111,839057.91015625,0.0,251.71737304687497,0.0,860863.18359375,160690.3724707031,0.0019156933
2024-03-18,1030215.9584082031,0.008479636033104329,839057.91015625,0.0,251.71737304687497,0.0,869525.5859375,160690.3724707031,0.0076481104
2024-03-19,1029618.5951269531,-0.0005798427760457059,839057.91015625,0.0,251.71737304687497,0.0,868928.22265625,160690.3724707031,-0.0056925416
2024-03-20,1026930.2162207031,-0.002611043466943718,839057.91015625,0.0,251.71737304687497,0.0,866239.84375,160690.3724707031,0.00063610077
2024-03-21,1023943.2045019531,-0.0029086803285843185,839057.91015625,0.0,251.71737304687497,0.0,863252.83203125,160690.3724707031,0.0
2024-03-22,1016475.6263769531,-0.007292961262077262,839057.91015625,0.0,251.71737304687497,0.0,855785.25390625,160690.3724707031,-0.007628739
2024-03-25,1008410.5873144531,-0.007934316232693547,839057.91015625,0.0,251.71737304687497,0.0,847720.21484375,160690.3724707031,-0.004484296
2024-03-26,1006319.6693457031,-0.002073478794305824,839057.91015625,0.0,251.71737304687497,0.0,845629.296875,160690.3724707031,0.002573967
2024-03-27,1001241.7396582031,-0.005046040380788352,839057.91015625,0.0,251.71737304687497,0.0,840551.3671875,160690.3724707031,-0.008985817
2024-03-28,991384.5130957031,-0.009845001633536564,839057.91015625,0.0,251.71737304687497,0.0,830694.140625,160690.3724707031,0.0038859844
2024-03-29,994072.8920019531,0.0027117418829302187,839057.91015625,0.0,251.71737304687497,0.0,833382.51953125,160690.3724707031,0.003870964
2024-04-01,1001540.4701269531,0.00751210317179168,839057.91015625,0.0,251.71737304687497,0.0,840850.09765625,160690.3724707031,0.014138818
2024-04-02,990189.6888769531,-0.01133332260508774,839057.91015625,0.0,251.71737304687497,0.0,829499.31640625,160690.3724707031,-0.003168583
2024-04-03,987202.6771582031,-0.003016605557807605,839057.91015625,0.0,251.71737304687497,0.0,826512.3046875,160690.3724707031,-0.003178656
2024-04-08,975254.5326269531,-0.012103030925366163,839057.91015625,0.0,251.71737304687497,0.0,814564.16015625,160690.3724707031,-0.0070152283
2024-04-09,977942.8627050781,0.0027565419982039903,839057.91015625,0.0,251.71737304687497,0.0,817252.490234375,160690.3724707031,-0.0012845993
2024-04-10,972864.9330175781,-0.005192460501684105,839057.91015625,0.0,251.71737304687497,0.0,812174.560546875,160690.3724707031,-0.0064308643
2024-04-11,967786.9545019531,-0.005219613065787467,839057.91015625,0.0,251.71737304687497,0.0,807096.58203125,160690.3724707031,-0.00064718723
2024-04-12,954345.3041113281,-0.013889059289440828,839057.91015625,0.0,251.71737304687497,0.0,793654.931640625,160690.3724707031,-0.0064767003
2024-04-15,968384.3666113281,0.01471067384050573,839057.91015625,0.0,251.71737304687497,0.0,807693.994140625,160690.3724707031,0.017601013
2024-04-16,974059.7572363281,0.005860679726646064,839057.91015625,0.0,251.71737304687497,0.0,813369.384765625,160690.3724707031,-0.0076873302
2024-04-17,977942.8627050781,0.0039865166791896054,839057.91015625,0.0,251.71737304687497,0.0,817252.490234375,160690.3724707031,0.010974765
2024-04-18,988098.7709082031,0.010384970932793397,839057.91015625,0.0,251.71737304687497,0.0,827408.3984375,160690.3724707031,0.0012770891
2024-04-19,986903.9466894531,-0.0012092153678642742,839057.91015625,0.0,251.71737304687497,0.0,826213.57421875,160690.3724707031,-0.006377518
2024-04-22,993774.1615332031,0.006961381466551005,839057.91015625,0.0,251.71737304687497,0.0,833083.7890625,160690.3724707031,-0.0019255877
2024-04-23,994670.2552832031,0.0009017076360865522,839057.91015625,0.0,251.71737304687497,0.0,833979.8828125,160690.3724707031,-0.00578773
2024-04-24,996462.5404394531,0.00180188876336681,839057.91015625,0.0,251.71737304687497,0.0,835772.16796875,160690.3724707031,0.003234148
2024-04-25,999449.5521582031,0.002997615662935697,839057.91015625,0.0,251.71737304687497,0.0,838759.1796875,160690.3724707031,0.0025789738
2024-04-26,997358.6341894531,-0.002092069543915337,839057.91015625,0.0,251.71737304687497,0.0,836668.26171875,160690.3724707031,0.012218714
2024-04-29,1005722.3060644531,0.008385821898255387,839057.91015625,0.0,251.71737304687497,0.0,845031.93359375,160690.3724707031,0.010165215
2024-04-30,1015280.8021582031,0.009504110663662094,839057.91015625,0.0,251.71737304687497,0.0,854590.4296875,160690.3724707031,-0.004402578
2024-05-06,1020956.1927832031,0.005589971378298207,839057.91015625,0.0,251.71737304687497,0.0,860265.8203125,160690.3724707031,0.011370778
2024-05-07,1007514.4935644531,-0.013165794295352596,839057.91015625,0.0,251.71737304687497,0.0,846824.12109375,160690.3724707031,0.0006246567
2024-05-08,1003930.1185644531,-0.003557641128634244,839057.91015625,0.0,251.71737304687497,0.0,843239.74609375,160690.3724707031,-0.006866455
2024-05-09,1003631.3880957031,-0.0002975610186664813,839057.91015625,0.0,251.71737304687497,0.0,842941.015625,160690.3724707031,0.008170962
2024-05-10,995566.3490332031,-0.00803585774434841,839057.91015625,0.0,251.71737304687497,0.0,834875.9765625,160690.3724707031,0.0006234646
2024-05-13,997059.9037207031,0.0015002060776264632,839057.91015625,0.0,251.71737304687497,0.0,836369.53125,160690.3724707031,-0.00062310696
2024-05-14,992878.0677832031,-0.004194167192858473,839057.91015625,0.0,251.71737304687497,0.0,832187.6953125,160690.3724707031,-0.0012468696
2024-05-15,991085.8802832031,-0.0018050428931333064,839057.91015625,0.0,251.71737304687497,0.0,830395.5078125,160690.3724707031,-0.0062422156
2024-05-16,990189.6888769531,-0.0009042520169835464,839057.91015625,0.0,251.71737304687497,0.0,829499.31640625,160690.3724707031,0.003140688
2024-05-17,1000345.6459082031,0.010256577245081815,839057.91015625,0.0,251.71737304687497,0.0,839655.2734375,160690.3724707031,0.009392619
2024-05-20,1013787.2474707031,0.013436957133248193,839057.91015625,0.0,251.71737304687497,0.0,853096.875,160690.3724707031,0.0018610954
2024-05-21,1031709.5130957031,0.01767852739291626,839057.91015625,0.0,251.71737304687497,0.0,871019.140625,160690.3724707031,-0.0030959845
2024-05-22,1033800.4310644531,0.0020266537646590867,839057.91015625,0.0,251.71737304687497,0.0,873110.05859375,160690.3724707031,0.0018633604
2024-05-23,1035592.6185644531,0.0017335913645873345,839057.91015625,0.0,251.71737304687497,0.0,874902.24609375,160690.3724707031,-0.008059502
2024-05-24,1023345.8412207031,-0.011825863881423355,839057.91015625,0.0,251.71737304687497,0.0,862655.46875,160690.3724707031,-0.00999999
2024-05-27,1027527.6771582031,0.0040864346822494305,839057.91015625,0.0,251.71737304687497,0.0,866837.3046875,160690.3724707031,0.0075757504
2024-05-28,1020060.0990332031,-0.007267520175858247,839057.91015625,0.0,251.71737304687497,0.0,859369.7265625,160690.3724707031,-0.0056390762
2024-05-29,1025436.7591894531,0.005270924881137801,839057.91015625,0.0,251.71737304687497,0.0,864746.38671875,160690.3724707031,0.0
2024-05-30,1012293.7904394531,-0.012816947151756816,839057.91015625,0.0,251.71737304687497,0.0,851603.41796875,160690.3724707031,-0.0031505823
2024-05-31,1006319.6693457031,-0.005901568447986367,839057.91015625,0.0,251.71737304687497,0.0,845629.296875,160690.3724707031,-0.0031605363
2024-06-03,1014384.7084082031,0.008014390762871396,839057.91015625,0.0,251.71737304687497,0.0,853694.3359375,160690.3724707031,0.0012682676
2024-06-04,1015579.5326269531,0.0011778807476553416,839057.91015625,0.0,251.71737304687497,0.0,854889.16015625,160690.3724707031,0.005699873
2024-06-05,1012461.3685644531,-0.0030703297598312046,839057.91015625,0.0,251.71737304687497,0.0,851770.99609375,160690.3724707031,-0.003148675
2024-06-06,1017137.9310644531,0.004619003396278513,839057.91015625,0.0,251.71737304687497,0.0,856447.55859375,160690.3724707031,0.0
2024-06-07,1004355.2162207031,-0.012567336693827414,839057.91015625,0.0,251.71737304687497,0.0,843664.84375,160690.3724707031,-0.0050536394
2024-06-11,993754.8255957031,-0.010554423827147831,839057.91015625,0.0,251.71737304687497,0.0,833064.453125,160690.3724707031,-0.006349206
2024-06-12,1003108.0482519531,0.009412002251806165,839057.91015625,0.0,251.71737304687497,0.0,842417.67578125,160690.3724707031,-0.0006390214
2024-06-13,998431.3880957031,-0.004662169907219558,839057.91015625,0.0,251.71737304687497,0.0,837741.015625,160690.3724707031,-0.0031969547
2024-06-14,1007784.7084082031,0.009368015092493718,839057.91015625,0.0,251.71737304687497,0.0,847094.3359375,160690.3724707031,0.005131483
2024-06-17,998743.2045019531,-0.008971662132610709,839057.91015625,0.0,251.71737304687497,0.0,838052.83203125,160690.3724707031,-0.0025526881
2024-06-18,983777.9701269531,-0.014984066282045712,839057.91015625,0.0,251.71737304687497,0.0,823087.59765625,160690.3724707031,0.002559185
2024-06-19,981283.7318457031,-0.002535367081789936,839057.91015625,0.0,251.71737304687497,0.0,820593.359375,160690.3724707031,-0.0025526881
2024-06-20,960394.8158300781,-0.021287335495040662,839057.91015625,0.0,251.71737304687497,0.0,799704.443359375,160690.3724707031,-0.00511837
2024-06-21,964447.8920019531,0.0042202187111681656,839057.91015625,0.0,251.71737304687497,0.0,803757.51953125,160690.3724707031,-0.0019292235
2024-06-24,970371.6224707031,0.006142094889599286,839057.91015625,0.0,251.71737304687497,0.0,809681.25,160690.3724707031,-0.0038660169
2024-06-25,964136.1244238281,-0.006425886642272722,839057.91015625,0.0,251.71737304687497,0.0,803445.751953125,160690.3724707031,-0.005174637
2024-06-26,970995.1576269531,0.007114175093505586,839057.91015625,0.0,251.71737304687497,0.0,810304.78515625,160690.3724707031,0.005201578
2024-06-27,964136.1244238281,-0.007063921121798399,839057.91015625,0.0,251.71737304687497,0.0,803445.751953125,160690.3724707031,-0.0045278072
2024-06-28,966318.5462988281,0.0022636034681349842,839057.91015625,0.0,251.71737304687497,0.0,805628.173828125,160690.3724707031,0.0019493103
2024-07-01,970371.6224707031,0.004194347906701162,839057.91015625,0.0,251.71737304687497,0.0,809681.25,160690.3724707031,0.0032424927
2024-07-02,964136.1244238281,-0.006425886642272722,839057.91015625,0.0,251.71737304687497,0.0,803445.751953125,160690.3724707031,-0.0012928843
2024-07-03,965383.1947363281,0.0012934587564025304,839057.91015625,0.0,251.71737304687497,0.0,804692.822265625,160690.3724707031,-0.0012944937
2024-07-04,959147.6966894531,-0.006459091147301441,839057.91015625,0.0,251.71737304687497,0.0,798457.32421875,160690.3724707031,-0.0038885474
2024-07-05,954159.3177832031,-0.0052008454208539966,839057.91015625,0.0,251.71737304687497,0.0,793468.9453125,160690.3724707031,-0.003903687
2024-07-08,946364.8841894531,-0.008168901616827257,839057.91015625,0.0,251.71737304687497,0.0,785674.51171875,160690.3724707031,-0.0058785677
2024-07-09,940129.3861425781,-0.006588894147541841,839057.91015625,0.0,251.71737304687497,0.0,779439.013671875,160690.3724707031,0.009198427
2024-07-10,944182.4623144531,0.004311189748578201,839057.91015625,0.0,251.71737304687497,0.0,783492.08984375,160690.3724707031,-0.001953125
2024-07-11,961953.7025488281,0.01882182834747085,839057.91015625,0.0,251.71737304687497,0.0,801263.330078125,160690.3724707031,0.011089325
2024-07-12,955718.1556738281,-0.006482169420917103,839057.91015625,0.0,251.71737304687497,0.0,795027.783203125,160690.3724707031,0.0025806427
2024-07-15,955406.3880957031,-0.00032621288637672537,839057.91015625,0.0,251.71737304687497,0.0,794716.015625,160690.3724707031,0.0012869835
2024-07-16,956965.2748144531,0.0016316477869246216,839057.91015625,0.0,251.71737304687497,0.0,796274.90234375,160690.3724707031,0.005784154
2024-07-17,971306.9740332031,0.014986645384317342,839057.91015625,0.0,251.71737304687497,0.0,810616.6015625,160690.3724707031,0.0012779236
2024-07-18,977854.2396582031,0.006740676016989237,839057.91015625,0.0,251.71737304687497,0.0,817163.8671875,160690.3724707031,0.005105257
2024-07-19,983777.9701269531,0.006057886982031767,839057.91015625,0.0,251.71737304687497,0.0,823087.59765625,160690.3724707031,0.0057142973
2024-07-22,974424.6986425781,-0.009507502473518484,839057.91015625,0.0,251.71737304687497,0.0,813734.326171875,160690.3724707031,-0.0069444776
2024-07-23,953223.9662207031,-0.021757178827064495,839057.91015625,0.0,251.71737304687497,0.0,792533.59375,160690.3724707031,-0.016528845
2024-07-24,941688.2728613281,-0.012101765973332759,839057.91015625,0.0,251.71737304687497,0.0,780997.900390625,160690.3724707031,-0.005171299
2024-07-25,941376.5052832031,-0.00033107301758966527,839057.91015625,0.0,251.71737304687497,0.0,780686.1328125,160690.3724707031,-0.0051981807
2024-07-26,942623.5755957031,0.0013247306529334214,839057.91015625,0.0,251.71737304687497,0.0,781933.203125,160690.3724707031,0.0039190054
2024-07-29,932023.2337988281,-0.01124557253957496,839057.91015625,0.0,251.71737304687497,0.0,771332.861328125,160690.3724707031,-0.0052048564
2024-07-30,921422.8431738281,-0.011373526153198917,839057.91015625,0.0,251.71737304687497,0.0,760732.470703125,160690.3724707031,-0.005232215
2024-07-31,942935.3920019531,0.023347097358716793,839057.91015625,0.0,251.71737304687497,0.0,782245.01953125,160690.3724707031,0.019066334
2024-08-01,924540.6166113281,-0.01950799126499104,839057.91015625,0.0,251.71737304687497,0.0,763850.244140625,160690.3724707031,-0.0064516068
2024-08-02,922669.9623144531,-0.00202333381926628,839057.91015625,0.0,251.71737304687497,0.0,761979.58984375,160690.3724707031,-0.008441567
2024-08-05,918928.6537207031,-0.004054871998179272,839057.91015625,0.0,251.71737304687497,0.0,758238.28125,160690.3724707031,-0.009823203
2024-08-06,918616.8861425781,-0.00033927288790339306,839057.91015625,0.0,251.71737304687497,0.0,757926.513671875,160690.3724707031,0.0
2024-08-07,912381.3392675781,-0.00678797327706883,839057.91015625,0.0,251.71737304687497,0.0,751690.966796875,160690.3724707031,-0.0013227463
2024-08-08,921111.0755957031,0.009568078557078852,839057.91015625,0.0,251.71737304687497,0.0,760420.703125,160690.3724707031,0.0006623268
2024-08-09,914875.5775488281,-0.006769539757018299,839057.91015625,0.0,251.71737304687497,0.0,754185.205078125,160690.3724707031,-0.0026472807
2024-08-12,919863.9564550781,0.005452521663781941,839057.91015625,0.0,251.71737304687497,0.0,759173.583984375,160690.3724707031,-0.0013270974
2024-08-13,911757.8041113281,-0.008812338266833555,839057.91015625,0.0,251.71737304687497,0.0,751067.431640625,160690.3724707031,0.0013289452
2024-08-14,903963.4193457031,-0.008548744776823741,839057.91015625,0.0,251.71737304687497,0.0,743273.046875,160690.3724707031,-0.0059720874
2024-08-15,910822.5013769531,0.007587787165342007,839057.91015625,0.0,251.71737304687497,0.0,750132.12890625,160690.3724707031,0.00934577
2024-08-16,909887.1498144531,-0.001026930670998976,839057.91015625,0.0,251.71737304687497,0.0,749196.77734375,160690.3724707031,0.00066137314
2024-08-19,906145.8412207031,-0.004111838038940256,839057.91015625,0.0,251.71737304687497,0.0,745455.46875,160690.3724707031,0.001982808
2024-08-20,894610.1478613281,-0.012730504113813329,839057.91015625,0.0,251.71737304687497,0.0,733919.775390625,160690.3724707031,-0.0032981634
2024-08-21,889933.5365332031,-0.0052275411130814865,839057.91015625,0.0,251.71737304687497,0.0,729243.1640625,160690.3724707031,-0.003970921
2024-08-22,878709.6107519531,-0.01261209440985174,839057.91015625,0.0,251.71737304687497,0.0,718019.23828125,160690.3724707031,-0.0019933581
2024-08-23,883697.9896582031,0.00567693677776121,839057.91015625,0.0,251.71737304687497,0.0,723007.6171875,160690.3724707031,0.0033289194
2024-08-26,872785.8802832031,-0.012348233788808989,839057.91015625,0.0,251.71737304687497,0.0,712095.5078125,160690.3724707031,0.0
2024-08-27,866550.3334082031,-0.0071444176812034115,839057.91015625,0.0,251.71737304687497,0.0,705859.9609375,160690.3724707031,-0.003981352
2024-08-28,854391.1048925781,-0.014031762549558896,839057.91015625,0.0,251.71737304687497,0.0,693700.732421875,160690.3724707031,-0.0053297877
2024-08-29,873721.1830175781,0.02262439065002948,839057.91015625,0.0,251.71737304687497,0.0,713030.810546875,160690.3724707031,-0.0020093918
2024-08-30,866238.5658300781,-0.008564078945250271,839057.91015625,0.0,251.71737304687497,0.0,705548.193359375,160690.3724707031,0.010738254
2024-09-02,835372.7943457031,-0.03563195256124125,839057.91015625,0.0,251.71737304687497,0.0,674682.421875,160690.3724707031,-0.014608264
2024-09-03,853143.9857519531,0.02127336624622675,839057.91015625,0.0,251.71737304687497,0.0,692453.61328125,160690.3724707031,0.0033692122
2024-09-04,851896.9154394531,-0.0014617348692915462,839057.91015625,0.0,251.71737304687497,0.0,691206.54296875,160690.3724707031,-0.0053727627
2024-09-05,862809.0248144531,0.01280918991163498,839057.91015625,0.0,251.71737304687497,0.0,702118.65234375,160690.3724707031,0.001350522
2024-09-06,854702.8724707031,-0.009395071343271156,839057.91015625,0.0,251.71737304687497,0.0,694012.5,160690.3724707031,-0.0067430735
2024-09-09,848779.1420019531,-0.0069307482863912445,839057.91015625,0.0,251.71737304687497,0.0,688088.76953125,160690.3724707031,-0.010183394
2024-09-10,845037.8334082031,-0.004407870562094221,839057.91015625,0.0,251.71737304687497,0.0,684347.4609375,160690.3724707031,0.0
2024-09-11,853767.5697363281,0.010330586374951123,839057.91015625,0.0,251.71737304687497,0.0,693077.197265625,160690.3724707031,-0.0020575523
2024-09-12,842231.8275488281,-0.013511572231611728,839057.91015625,0.0,251.71737304687497,0.0,681541.455078125,160690.3724707031,-0.0027492046
2024-09-13,833190.3724707031,-0.010735114468944509,839057.91015625,0.0,251.71737304687497,0.0,672500.0,160690.3724707031,-0.0034459233
2024-09-18,826954.8255957031,-0.007483940142646399,839057.91015625,0.0,251.71737304687497,0.0,666264.453125,160690.3724707031,0.0020747185
2024-09-19,847843.7904394531,0.025260103934580076,839057.91015625,0.0,251.71737304687497,0.0,687153.41796875,160690.3724707031,0.006901264
2024-09-20,845973.1361425781,-0.0022063666892051014,839057.91015625,0.0,251.71737304687497,0.0,685282.763671875,160690.3724707031,0.0027416945
2024-09-23,843167.1791113281,-0.003316839402305904,839057.91015625,0.0,251.71737304687497,0.0,682476.806640625,160690.3724707031,0.002050519
2024-09-24,885568.6439550781,0.050288324657560585,839057.91015625,0.0,251.71737304687497,0.0,724878.271484375,160690.3724707031,0.03615284
2024-09-25,894298.3802832031,0.009857774874612464,839057.91015625,0.0,251.71737304687497,0.0,733608.0078125,160690.3724707031,0.01184988
2024-09-26,956341.7396582031,0.06937657580834748,839057.91015625,0.0,251.71737304687497,0.0,795651.3671875,160690.3724707031,0.039687753
2024-09-27,1021191.0560644531,0.06780977313551866,839057.91015625,0.0,251.71737304687497,0.0,860500.68359375,160690.3724707031,0.053191423
2024-09-30,1067022.110751953,0.04488000008943207,839057.91015625,0.0,251.71737304687497,0.0,906331.73828125,160690.3724707031,0.080213904
2024-10-08,1063592.520908203,-0.003214169424598986,839057.91015625,0.0,251.71737304687497,0.0,902902.1484375,160690.3724707031,0.03685367
2024-10-09,987831.0951269531,-0.07123162704882233,839057.91015625,0.0,251.71737304687497,0.0,827140.72265625,160690.3724707031,-0.07692307
2024-10-10,1021814.5912207031,0.03440213236999038,839057.91015625,0.0,251.71737304687497,0.0,861124.21875,160690.3724707031,0.013793111
2024-10-11,1013396.6224707031,-0.008238254593667073,839057.91015625,0.0,251.71737304687497,0.0,852706.25,160690.3724707031,-0.023242652
2024-10-14,1013708.4388769531,0.0003076943413229251,839057.91015625,0.0,251.71737304687497,0.0,853018.06640625,160690.3724707031,0.013929129
2024-10-15,986895.7435644531,-0.02645010565582813,839057.91015625,0.0,251.71737304687497,0.0,826205.37109375,160690.3724707031,-0.023468792
2024-10-16,975983.5853613281,-0.01105705265655788,839057.91015625,0.0,251.71737304687497,0.0,815293.212890625,160690.3724707031,-0.005275488
2024-10-17,956341.7396582031,-0.020125180379804448,839057.91015625,0.0,251.71737304687497,0.0,795651.3671875,160690.3724707031,-0.0094284415
2024-10-18,983777.9701269531,0.02868873053533742,839057.91015625,0.0,251.71737304687497,0.0,823087.59765625,160690.3724707031,0.033908367
2024-10-21,977854.2396582031,-0.006021409961015455,839057.91015625,0.0,251.71737304687497,0.0,817163.8671875,160690.3724707031,0.0
2024-10-22,990325.2357519531,0.012753430509345732,839057.91015625,0.0,251.71737304687497,0.0,829634.86328125,160690.3724707031,0.0051783323
2024-10-23,1002796.3295019531,0.01259292735333631,839057.91015625,0.0,251.71737304687497,0.0,842105.95703125,160690.3724707031,0.0028620958
2024-10-24,987519.2787207031,-0.015234450238601762,839057.91015625,0.0,251.71737304687497,0.0,826828.90625,160690.3724707031,-0.009132445
2024-10-25,992507.6576269531,0.005051424325317752,839057.91015625,0.0,251.71737304687497,0.0,831817.28515625,160690.3724707031,0.0063364506
2024-10-28,1006225.8216894531,0.013821721129386138,839057.91015625,0.0,251.71737304687497,0.0,845535.44921875,160690.3724707031,0.0011447668
2024-10-29,987519.2787207031,-0.018590799963115353,839057.91015625,0.0,251.71737304687497,0.0,826828.90625,160690.3724707031,-0.006861031
2024-10-30,985025.0404394531,-0.0025257616078961,839057.91015625,0.0,251.71737304687497,0.0,824334.66796875,160690.3724707031,-0.009211302
2024-10-31,1030856.0951269531,0.04652780671144483,839057.91015625,0.0,251.71737304687497,0.0,870165.72265625,160690.3724707031,0.0
2024-11-01,1043015.3724707031,0.011795319832932208,839057.91015625,0.0,251.71737304687497,0.0,882325.0,160690.3724707031,0.0017431974
2024-11-04,1059539.493564453,0.01584264386689471,839057.91015625,0.0,251.71737304687497,0.0,898849.12109375,160690.3724707031,0.011600971
2024-11-05,1067022.110751953,0.007062140895123532,839057.91015625,0.0,251.71737304687497,0.0,906331.73828125,160690.3724707031,0.022362351
2024-11-06,1061721.915439453,-0.004967277865277638,839057.91015625,0.0,251.71737304687497,0.0,901031.54296875,160690.3724707031,-0.005608499
2024-11-07,1102252.677158203,0.03817455505943294,839057.91015625,0.0,251.71737304687497,0.0,941562.3046875,160690.3724707031,0.028764844
2024-11-08,1100070.255283203,-0.001979965138870571,839057.91015625,0.0,251.71737304687497,0.0,939379.8828125,160690.3724707031,-0.01096493
2024-11-11,1096328.946689453,-0.003400972415881597,839057.91015625,0.0,251.71737304687497,0.0,935638.57421875,160690.3724707031,0.0044345856
2024-11-12,1089781.681064453,-0.005971990108233988,839057.91015625,0.0,251.71737304687497,0.0,929091.30859375,160690.3724707031,-0.00938195
2024-11-13,1096328.946689453,0.006007869042728728,839057.91015625,0.0,251.71737304687497,0.0,935638.57421875,160690.3724707031,0.0050139427
2024-11-14,1083857.950595703,-0.011375231978876632,839057.91015625,0.0,251.71737304687497,0.0,923167.578125,160690.3724707031,-0.014412403
2024-11-15,1073881.095126953,-0.00920494744100607,839057.91015625,0.0,251.71737304687497,0.0,913190.72265625,160690.3724707031,-0.014623165
2024-11-18,1064216.056064453,-0.009000101693155712,839057.91015625,0.0,251.71737304687497,0.0,903525.68359375,160690.3724707031,-0.0034245849
2024-11-19,1060786.563876953,-0.0032225525709342396,839057.91015625,0.0,251.71737304687497,0.0,900096.19140625,160690.3724707031,0.004581809
2024-11-20,1066086.759189453,0.004996476664569444,839057.91015625,0.0,251.71737304687497,0.0,905396.38671875,160690.3724707031,0.0017104149
2024-11-21,1070139.786533203,0.003801780022886244,839057.91015625,0.0,251.71737304687497,0.0,909449.4140625,160690.3724707031,0.0011383295
2024-11-22,1046133.1459082031,-0.022433182026407195,839057.91015625,0.0,251.71737304687497,0.0,885442.7734375,160690.3724707031,-0.025014162
2024-11-25,1040521.1341894531,-0.005364529114387173,839057.91015625,0.0,251.71737304687497,0.0,879830.76171875,160690.3724707031,-0.0052478313
2024-11-26,1051433.243564453,0.010487157844708475,839057.91015625,0.0,251.71737304687497,0.0,890742.87109375,160690.3724707031,-0.0017585158
2024-11-27,1060786.563876953,0.008895781420027586,839057.91015625,0.0,251.71737304687497,0.0,900096.19140625,160690.3724707031,0.014092803
2024-11-28,1049562.638095703,-0.010580757867283781,839057.91015625,0.0,251.71737304687497,0.0,888872.265625,160690.3724707031,-0.0063694715
2024-11-29,1051745.059970703,0.002079363151645456,839057.91015625,0.0,251.71737304687497,0.0,891054.6875,160690.3724707031,0.009324074
2024-12-02,1059227.677158203,0.007114478091970722,839057.91015625,0.0,251.71737304687497,0.0,898537.3046875,160690.3724707031,0.006928444
2024-12-03,1072945.841220703,0.012951100465297885,839057.91015625,0.0,251.71737304687497,0.0,912255.46875,160690.3724707031,0.0005733967
2024-12-04,1068269.181064453,-0.0043587103622390756,839057.91015625,0.0,251.71737304687497,0.0,907578.80859375,160690.3724707031,-0.004584551
2024-12-05,1059851.212314453,-0.007880007117318599,839057.91015625,0.0,251.71737304687497,0.0,899160.83984375,160690.3724707031,-0.0011513829
2024-12-06,1072322.208408203,0.011766742301984472,839057.91015625,0.0,251.71737304687497,0.0,911631.8359375,160690.3724707031,0.010374665
2024-12-09,1059227.677158203,-0.012211377464090793,839057.91015625,0.0,251.71737304687497,0.0,898537.3046875,160690.3724707031,-0.00057047606
2024-12-10,1081051.993564453,0.020603989941805862,839057.91015625,0.0,251.71737304687497,0.0,920361.62109375,160690.3724707031,0.006849408
2024-12-11,1088846.329501953,0.007209954732889818,839057.91015625,0.0,251.71737304687497,0.0,928155.95703125,160690.3724707031,-0.002267599
2024-12-12,1103188.028720703,0.013171463070743884,839057.91015625,0.0,251.71737304687497,0.0,942497.65625,160690.3724707031,0.008522749
2024-12-13,1072634.024814453,-0.027696098136309126,839057.91015625,0.0,251.71737304687497,0.0,911943.65234375,160690.3724707031,-0.020281672
2024-12-16,1071075.138095703,-0.0014533258154100232,839057.91015625,0.0,251.71737304687497,0.0,910384.765625,160690.3724707031,-0.004600346
2024-12-17,1083857.950595703,0.011934561867178572,839057.91015625,0.0,251.71737304687497,0.0,923167.578125,160690.3724707031,0.002310872
2024-12-18,1083857.950595703,0.0,839057.91015625,0.0,251.71737304687497,0.0,923167.578125,160690.3724707031,0.0034582615
2024-12-19,1076375.333408203,-0.006903688055604936,839057.91015625,0.0,251.71737304687497,0.0,915684.9609375,160690.3724707031,0.0011487007
2024-12-20,1071075.138095703,-0.0049241144310856865,839057.91015625,0.0,251.71737304687497,0.0,910384.765625,160690.3724707031,-0.0022949576
2024-12-23,1083546.134189453,0.011643437187723881,839057.91015625,0.0,251.71737304687497,0.0,922855.76171875,160690.3724707031,0.0005750656
2024-12-24,1099135.001376953,0.014386897516976752,839057.91015625,0.0,251.71737304687497,0.0,938444.62890625,160690.3724707031,0.010344863
2024-12-25,1093834.806064453,-0.004822151333421394,839057.91015625,0.0,251.71737304687497,0.0,933144.43359375,160690.3724707031,0.0005687475
2024-12-26,1095081.876376953,0.0011400901722874212,839057.91015625,0.0,251.71737304687497,0.0,934391.50390625,160690.3724707031,0.0
2024-12-27,1100693.790439453,0.005124652488147148,839057.91015625,0.0,251.71737304687497,0.0,940003.41796875,160690.3724707031,-0.0011370182
2024-12-30,1098511.368564453,-0.0019827693169129864,839057.91015625,0.0,251.71737304687497,0.0,937820.99609375,160690.3724707031,0.0039840937
2024-12-31,1101629.142001953,0.0028381804018781723,839057.91015625,0.0,251.71737304687497,0.0,940938.76953125,160690.3724707031,-0.013605475
2025-01-02,1082299.063876953,-0.017546810798661435,839057.91015625,0.0,251.71737304687497,0.0,921608.69140625,160690.3724707031,-0.024137974
2025-01-03,1074192.911533203,-0.007489752707271667,839057.91015625,0.0,251.71737304687497,0.0,913502.5390625,160690.3724707031,-0.008833885
2025-01-06,1066086.759189453,-0.007546272421570938,839057.91015625,0.0,251.71737304687497,0.0,905396.38671875,160690.3724707031,-0.0035650134
2025-01-07,1061098.282626953,-0.004679240708601188,839057.91015625,0.0,251.71737304687497,0.0,900407.91015625,160690.3724707031,0.005962968
2025-01-08,1069516.251376953,0.00793326017752069,839057.91015625,0.0,251.71737304687497,0.0,908825.87890625,160690.3724707031,-0.001185596
2025-01-09,1063592.520908203,-0.00553870075477906,839057.91015625,0.0,251.71737304687497,0.0,902902.1484375,160690.3724707031,-0.0017803311
2025-01-10,1050186.173251953,-0.012604778044887249,839057.91015625,0.0,251.71737304687497,0.0,889495.80078125,160690.3724707031,-0.009512484
2025-01-13,1047691.9349707031,-0.002375043915810044,839057.91015625,0.0,251.71737304687497,0.0,887001.5625,160690.3724707031,-0.003001213
2025-01-14,1053927.481845703,0.0059516988409138135,839057.91015625,0.0,251.71737304687497,0.0,893237.109375,160690.3724707031,0.02167368
2025-01-15,1048003.7513769531,-0.005620624351094707,839057.91015625,0.0,251.71737304687497,0.0,887313.37890625,160690.3724707031,-0.004714191
2025-01-16,1043950.6263769531,-0.0038674718431825007,839057.91015625,0.0,251.71737304687497,0.0,883260.25390625,160690.3724707031,0.0
2025-01-17,1046133.1459082031,0.0020906348213272003,839057.91015625,0.0,251.71737304687497,0.0,885442.7734375,160690.3724707031,0.0029603243
2025-01-20,1027426.6029394531,-0.01788160813173534,839057.91015625,0.0,251.71737304687497,0.0,866736.23046875,160690.3724707031,0.004132271
2025-01-21,1020255.7045019531,-0.006979475143999737,839057.91015625,0.0,251.71737304687497,0.0,859565.33203125,160690.3724707031,0.0011757612
2025-01-22,1014955.5091894531,-0.005194967584216878,839057.91015625,0.0,251.71737304687497,0.0,854265.13671875,160690.3724707031,-0.0076335073
2025-01-23,1019943.9857519531,0.00491497067342766,839057.91015625,0.0,251.71737304687497,0.0,859253.61328125,160690.3724707031,0.0023667812
2025-01-24,1020879.2396582031,0.0009169659504001924,839057.91015625,0.0,251.71737304687497,0.0,860188.8671875,160690.3724707031,0.0070837736
2025-01-27,1028361.8568457031,0.007329581106973268,839057.91015625,0.0,251.71737304687497,0.0,867671.484375,160690.3724707031,-0.004689336
2025-02-05,997807.8529394531,-0.02971133526866542,839057.91015625,0.0,251.71737304687497,0.0,837117.48046875,160690.3724707031,-0.0047113895
2025-02-06,1004043.3998144531,0.006249246141559855,839057.91015625,0.0,251.71737304687497,0.0,843353.02734375,160690.3724707031,0.010059118
2025-02-07,1012149.5521582031,0.008073507923310899,839057.91015625,0.0,251.71737304687497,0.0,851459.1796875,160690.3724707031,0.0123022795
2025-02-10,1006537.6380957031,-0.005544550259923284,839057.91015625,0.0,251.71737304687497,0.0,845847.265625,160690.3724707031,0.0005786419
2025-02-11,1000925.6263769531,-0.005575560720578242,839057.91015625,0.0,251.71737304687497,0.0,840235.25390625,160690.3724707031,-0.0034701824
2025-02-12,1006849.3568457031,0.0059182523782432325,839057.91015625,0.0,251.71737304687497,0.0,846158.984375,160690.3724707031,0.008125305
2025-02-13,1018073.2826269531,0.011147572082096524,839057.91015625,0.0,251.71737304687497,0.0,857382.91015625,160690.3724707031,-0.0023027658
2025-02-14,1021814.5912207031,0.0036748912456441574,839057.91015625,0.0,251.71737304687497,0.0,861124.21875,160690.3724707031,0.006924391
2025-02-17,1015890.8607519531,-0.00579726549184746,839057.91015625,0.0,251.71737304687497,0.0,855200.48828125,160690.3724707031,0.0011460781
2025-02-18,1010590.6654394531,-0.005217288113584213,839057.91015625,0.0,251.71737304687497,0.0,849900.29296875,160690.3724707031,-0.0062965155
2025-02-19,1036779.8255957031,0.025914706173207826,839057.91015625,0.0,251.71737304687497,0.0,876089.453125,160690.3724707031,0.0046082735
2025-02-20,1028361.8568457031,-0.00811934081101866,839057.91015625,0.0,251.71737304687497,0.0,867671.484375,160690.3724707031,-0.0022935271
2025-02-21,1023997.0130957031,-0.0042444629008200445,839057.91015625,0.0,251.71737304687497,0.0,863306.640625,160690.3724707031,0.011494279
2025-02-24,1018696.8177832031,-0.005175987082693416,839057.91015625,0.0,251.71737304687497,0.0,858006.4453125,160690.3724707031,-0.0028409362
2025-02-25,1013708.4388769531,-0.004896823882404251,839057.91015625,0.0,251.71737304687497,0.0,853018.06640625,160690.3724707031,-0.008547008
2025-02-26,1015890.8607519531,0.002152908855546095,839057.91015625,0.0,251.71737304687497,0.0,855200.48828125,160690.3724707031,0.006896496
2025-02-27,1039897.5990332031,0.023631217888386586,839057.91015625,0.0,251.71737304687497,0.0,879207.2265625,160690.3724707031,0.0028538704
2025-02-28,1042391.8373144531,0.0023985422060488486,839057.91015625,0.0,251.71737304687497,0.0,881701.46484375,160690.3724707031,-0.015367091
2025-03-03,1030544.2787207031,-0.011365743830336622,839057.91015625,0.0,251.71737304687497,0.0,869853.90625,160690.3724707031,-0.0028901696
2025-03-04,1026491.2513769531,-0.00393289975738,839057.91015625,0.0,251.71737304687497,0.0,865800.87890625,160690.3724707031,-0.0011594296
2025-03-05,1027114.7865332031,0.0006074432250772515,839057.91015625,0.0,251.71737304687497,0.0,866424.4140625,160690.3724707031,0.0040626526
2025-03-06,1033350.3334082031,0.006070934774531577,839057.91015625,0.0,251.71737304687497,0.0,872659.9609375,160690.3724707031,0.0115606785
2025-03-07,1025867.7162207031,-0.007241123310833782,839057.91015625,0.0,251.71737304687497,0.0,865177.34375,160690.3724707031,-0.0022856593
2025-03-10,1014020.2552832031,-0.011548721877267031,839057.91015625,0.0,251.71737304687497,0.0,853329.8828125,160690.3724707031,-0.0028637052
2025-03-11,1022438.1263769531,0.008301482194158927,839057.91015625,0.0,251.71737304687497,0.0,861747.75390625,160690.3724707031,0.0022975206
2025-03-12,1014955.5091894531,-0.007318405871673553,839057.91015625,0.0,251.71737304687497,0.0,854265.13671875,160690.3724707031,-0.0022922158
2025-03-13,1014643.7904394531,-0.00030712553129441075,839057.91015625,0.0,251.71737304687497,0.0,853953.41796875,160690.3724707031,-0.0040207505
2025-03-14,1088222.794345703,0.07251707899812014,839057.91015625,0.0,251.71737304687497,0.0,927532.421875,160690.3724707031,0.021337986
2025-03-17,1068269.181064453,-0.018335963356885174,839057.91015625,0.0,251.71737304687497,0.0,907578.80859375,160690.3724707031,-0.0022586584
2025-03-18,1058915.860751953,-0.00875558377821973,839057.91015625,0.0,251.71737304687497,0.0,898225.48828125,160690.3724707031,0.0016977787
2025-03-19,1053615.665439453,-0.005005303545775815,839057.91015625,0.0,251.71737304687497,0.0,892925.29296875,160690.3724707031,0.0011299849
2025-03-20,1043950.6263769531,-0.009173211237770169,839057.91015625,0.0,251.71737304687497,0.0,883260.25390625,160690.3724707031,-0.0067719817
2025-03-21,1023373.4779394531,-0.01971084447634589,839057.91015625,0.0,251.71737304687497,0.0,862683.10546875,160690.3724707031,-0.01363641
2025-03-24,1033973.8685644531,0.010358281559478877,839057.91015625,0.0,251.71737304687497,0.0,873283.49609375,160690.3724707031,0.003456235
2025-03-25,1045509.5130957031,0.011156611285801487,839057.91015625,0.0,251.71737304687497,0.0,884819.140625,160690.3724707031,0.00057411194
2025-03-26,1042391.8373144531,-0.002981967875183376,839057.91015625,0.0,251.71737304687497,0.0,881701.46484375,160690.3724707031,-0.003442347
2025-03-27,1046444.8646582031,0.0038881994262272256,839057.91015625,0.0,251.71737304687497,0.0,885754.4921875,160690.3724707031,0.0028785467
2025-03-28,1040521.1341894531,-0.005660814696324062,839057.91015625,0.0,251.71737304687497,0.0,879830.76171875,160690.3724707031,-0.0040183663
2025-03-31,1036156.2904394531,-0.004194863137883435,839057.91015625,0.0,251.71737304687497,0.0,875465.91796875,160690.3724707031,-0.0051873326
2025-04-01,1035844.4740332031,-0.0003009356881071994,839057.91015625,0.0,251.71737304687497,0.0,875154.1015625,160690.3724707031,-0.00057935715
2025-04-02,1028673.6732519531,-0.006922661616689907,839057.91015625,0.0,251.71737304687497,0.0,867983.30078125,160690.3724707031,-0.0005797148
2025-04-03,1042703.5560644531,0.01363880808589884,839057.91015625,0.0,251.71737304687497,0.0,882013.18359375,160690.3724707031,-0.004060328
2025-04-07,1020879.2396582031,-0.020930509231811775,839057.91015625,0.0,251.71737304687497,0.0,860188.8671875,160690.3724707031,-0.057076335
2025-04-08,1056421.720126953,0.03481555808760469,839057.91015625,0.0,251.71737304687497,0.0,895731.34765625,160690.3724707031,0.008029699
2025-04-09,1081363.712314453,0.023609882031299635,839057.91015625,0.0,251.71737304687497,0.0,920673.33984375,160690.3724707031,0.007965684
2025-04-10,1086040.372470703,0.004324780000468575,839057.91015625,0.0,251.71737304687497,0.0,925350.0,160690.3724707031,0.014589667
2025-04-11,1072634.024814453,-0.012344244280487509,839057.91015625,0.0,251.71737304687497,0.0,911943.65234375,160690.3724707031,0.0023965836
2025-04-14,1074504.727939453,0.0017440273958525595,839057.91015625,0.0,251.71737304687497,0.0,913814.35546875,160690.3724707031,0.0017931461
2025-04-15,1076687.149814453,0.0020310956464427736,839057.91015625,0.0,251.71737304687497,0.0,915996.77734375,160690.3724707031,0.0005966425
2025-04-16,1086663.907626953,0.009266162240553636,839057.91015625,0.0,251.71737304687497,0.0,925973.53515625,160690.3724707031,0.0017888546
2025-04-17,1086040.372470703,-0.0005738068154041028,839057.91015625,0.0,251.71737304687497,0.0,925350.0,160690.3724707031,0.000595212
2025-04-18,1083857.950595703,-0.00200952186522778,839057.91015625,0.0,251.71737304687497,0.0,923167.578125,160690.3724707031,0.0023795366
2025-04-21,1067333.829501953,-0.015245651964510774,839057.91015625,0.0,251.71737304687497,0.0,906643.45703125,160690.3724707031,0.00059354305
2025-04-22,1062657.169345703,-0.004381628340621656,839057.91015625,0.0,251.71737304687497,0.0,901966.796875,160690.3724707031,0.0005931854
2025-04-23,1064839.591220703,0.0020537403199789787,839057.91015625,0.0,251.71737304687497,0.0,904149.21875,160690.3724707031,0.0005927086
2025-04-24,1069204.532626953,0.004099153940403503,839057.91015625,0.0,251.71737304687497,0.0,908514.16015625,160690.3724707031,0.0
2025-04-25,1063904.337314453,-0.004957138836175553,839057.91015625,0.0,251.71737304687497,0.0,903213.96484375,160690.3724707031,0.0
2025-04-28,1052368.595126953,-0.010842837821884391,839057.91015625,0.0,251.71737304687497,0.0,891678.22265625,160690.3724707031,-0.0011848211
2025-04-29,1058292.325595703,0.005628950252012593,839057.91015625,0.0,251.71737304687497,0.0,897601.953125,160690.3724707031,-0.0017793775
2025-04-30,1088534.610751953,0.028576494816048955,839057.91015625,0.0,251.71737304687497,0.0,927844.23828125,160690.3724707031,-0.0005941391
2025-05-06,1086663.907626953,-0.0017185518094897597,839057.91015625,0.0,251.71737304687497,0.0,925973.53515625,160690.3724707031,0.008323431
2025-05-07,1082922.599033203,-0.003442930760367515,839057.91015625,0.0,251.71737304687497,0.0,922232.2265625,160690.3724707031,0.0053066015
2025-05-08,1081675.528720703,-0.0011515784356272024,839057.91015625,0.0,251.71737304687497,0.0,920985.15625,160690.3724707031,0.0046920776
2025-05-09,1081051.993564453,-0.0005764530487136514,839057.91015625,0.0,251.71737304687497,0.0,920361.62109375,160690.3724707031,-0.0005838275
2025-05-12,1091028.751376953,0.00922874928485591,839057.91015625,0.0,251.71737304687497,0.0,930338.37890625,160690.3724707031,0.00934577
2025-05-13,1088222.794345703,-0.0025718451761318757,839057.91015625,0.0,251.71737304687497,0.0,927532.421875,160690.3724707031,0.001157403
2025-05-14,1094458.341220703,0.005730027809929436,839057.91015625,0.0,251.71737304687497,0.0,933767.96875,160690.3724707031,0.010982633
2025-05-15,1098199.649814453,0.0034184111471772744,839057.91015625,0.0,251.71737304687497,0.0,937509.27734375,160690.3724707031,-0.0074328184
2025-05-16,1095705.411533203,-0.0022712065895043906,839057.91015625,0.0,251.71737304687497,0.0,935015.0390625,160690.3724707031,-0.004608214
2025-05-19,1094146.524814453,-0.001422724303760328,839057.91015625,0.0,251.71737304687497,0.0,933456.15234375,160690.3724707031,-0.0011574626
2025-05-20,1114723.770908203,0.018806664031802797,839057.91015625,0.0,251.71737304687497,0.0,954033.3984375,160690.3724707031,0.0040556192
2025-05-21,1108488.224033203,-0.005593804526048359,839057.91015625,0.0,251.71737304687497,0.0,947797.8515625,160690.3724707031,0.0034621954
2025-05-22,1113476.602939453,0.004500164095654463,839057.91015625,0.0,251.71737304687497,0.0,952786.23046875,160690.3724707031,-0.000575006
2025-05-23,1114723.770908203,0.00112006661429402,839057.91015625,0.0,251.71737304687497,0.0,954033.3984375,160690.3724707031,-0.0057537556
2025-05-26,1120335.684970703,0.005034353988816247,839057.91015625,0.0,251.71737304687497,0.0,959645.3125,160690.3724707031,-0.004629612
2025-05-27,1115659.024814453,-0.004174338297875691,839057.91015625,0.0,251.71737304687497,0.0,954968.65234375,160690.3724707031,-0.004651189
2025-05-28,1126571.231845703,0.00978095169629881,839057.91015625,0.0,251.71737304687497,0.0,965880.859375,160690.3724707031,-0.0011681914
2025-05-29,1108800.040439453,-0.015774583003628457,839057.91015625,0.0,251.71737304687497,0.0,948109.66796875,160690.3724707031,0.00526309
2025-05-30,1105370.450595703,-0.003093064320588177,839057.91015625,0.0,251.71737304687497,0.0,944680.078125,160690.3724707031,-0.0011634231
2025-06-03,1113788.419345703,0.007615518169011496,839057.91015625,0.0,251.71737304687497,0.0,953098.046875,160690.3724707031,-0.0005824566
2025-06-04,1114411.954501953,0.0005598326804441878,839057.91015625,0.0,251.71737304687497,0.0,953721.58203125,160690.3724707031,0.0034965277
2025-06-05,1102252.677158203,-0.01091093584794158,839057.91015625,0.0,251.71737304687497,0.0,941562.3046875,160690.3724707031,0.002322793
2025-06-06,1091856.095126953,-0.009432122277129938,839057.91015625,0.0,251.71737304687497,0.0,931165.72265625,160690.3724707031,0.00057935715
2025-06-09,1096404.727939453,0.0041659636583987,839057.91015625,0.0,251.71737304687497,0.0,935714.35546875,160690.3724707031,0.0017371178
2025-06-10,1088282.169345703,-0.00740835786891878,839057.91015625,0.0,251.71737304687497,0.0,927591.796875,160690.3724707031,-0.004624307
2025-06-11,1084708.243564453,-0.0032840065581509212,839057.91015625,0.0,251.71737304687497,0.0,924017.87109375,160690.3724707031,0.006387949
2025-06-12,1077235.587314453,-0.0068890932601785625,839057.91015625,0.0,251.71737304687497,0.0,916545.21484375,160690.3724707031,0.00057697296
2025-06-13,1070412.638095703,-0.006333757721242393,839057.91015625,0.0,251.71737304687497,0.0,909722.265625,160690.3724707031,-0.0051902533
2025-06-16,1072362.052158203,0.0018211799759465356,839057.91015625,0.0,251.71737304687497,0.0,911671.6796875,160690.3724707031,0.0017391443
2025-06-17,1072686.954501953,0.00030297821812708825,839057.91015625,0.0,251.71737304687497,0.0,911996.58203125,160690.3724707031,0.0
2025-06-18,1067813.419345703,-0.004543296751951994,839057.91015625,0.0,251.71737304687497,0.0,907123.046875,160690.3724707031,0.0005786419
2025-06-19,1060990.470126953,-0.006389645508417309,839057.91015625,0.0,251.71737304687497,0.0,900300.09765625,160690.3724707031,-0.006362021
2025-06-20,1067813.419345703,0.00643073562944783,839057.91015625,0.0,251.71737304687497,0.0,907123.046875,160690.3724707031,0.00058197975
2025-06-23,1056441.934970703,-0.01064931772628201,839057.91015625,0.0,251.71737304687497,0.0,895751.5625,160690.3724707031,0.0029087067
2025-06-24,1059690.860751953,0.003075347232728033,839057.91015625,0.0,251.71737304687497,0.0,899000.48828125,160690.3724707031,0.009860873
2025-06-25,1062939.884189453,0.0030660106242631027,839057.91015625,0.0,251.71737304687497,0.0,902249.51171875,160690.3724707031,0.013785124
2025-06-26,1070412.638095703,0.007030269554659118,839057.91015625,0.0,251.71737304687497,0.0,909722.265625,160690.3724707031,-0.0033994317
2025-06-27,1067813.419345703,-0.002428239967928714,839057.91015625,0.0,251.71737304687497,0.0,907123.046875,160690.3724707031,-0.0045479536
2025-06-30,1066513.809970703,-0.0012170753349366305,839057.91015625,0.0,251.71737304687497,0.0,905823.4375,160690.3724707031,0.0039976835
2025-07-01,1059690.860751953,-0.006397431664703363,839057.91015625,0.0,251.71737304687497,0.0,899000.48828125,160690.3724707031,0.0011376143
2025-07-02,1064239.493564453,0.0042924148739683435,839057.91015625,0.0,251.71737304687497,0.0,903549.12109375,160690.3724707031,0.001136303
2025-07-03,1062290.079501953,-0.001831743770352701,839057.91015625,0.0,251.71737304687497,0.0,901599.70703125,160690.3724707031,0.004540324
2025-07-04,1062939.884189453,0.0006117017376314539,839057.91015625,0.0,251.71737304687497,0.0,902249.51171875,160690.3724707031,0.003954768
2025-07-07,1049943.888095703,-0.012226463873505062,839057.91015625,0.0,251.71737304687497,0.0,889253.515625,160690.3724707031,-0.0039392114
2025-07-08,1053842.716220703,0.003713368084909143,839057.91015625,0.0,251.71737304687497,0.0,893152.34375,160690.3724707031,0.0067796707
2025-07-09,1060340.665439453,0.006165957328103936,839057.91015625,0.0,251.71737304687497,0.0,899650.29296875,160690.3724707031,-0.0005611181
2025-07-10,1059365.958408203,-0.0009192395076595855,839057.91015625,0.0,251.71737304687497,0.0,898675.5859375,160690.3724707031,0.0044919252
2025-07-11,1060340.665439453,0.0009200852864052655,839057.91015625,0.0,251.71737304687497,0.0,899650.29296875,160690.3724707031,0.0027948618
2025-07-14,1053842.716220703,-0.006128171285458487,839057.91015625,0.0,251.71737304687497,0.0,893152.34375,160690.3724707031,0.0
2025-07-15,1050268.790439453,-0.0033913274972064466,839057.91015625,0.0,251.71737304687497,0.0,889578.41796875,160690.3724707031,0.0
2025-07-16,1054817.423251953,0.004330922573255522,839057.91015625,0.0,251.71737304687497,0.0,894127.05078125,160690.3724707031,-0.0022296906
2025-07-17,1073661.661533203,0.017864928911729663,839057.91015625,0.0,251.71737304687497,0.0,912971.2890625,160690.3724707031,0.006703973
2025-07-18,1072686.954501953,-0.000907834438139577,839057.91015625,0.0,251.71737304687497,0.0,911996.58203125,160690.3724707031,0.0066592693
2025-07-21,1076585.782626953,0.0036346374015615956,839057.91015625,0.0,251.71737304687497,0.0,915895.41015625,160690.3724707031,0.0049613714
2025-07-22,1082433.927158203,0.005432121272287353,839057.91015625,0.0,251.71737304687497,0.0,921743.5546875,160690.3724707031,0.008776784
2025-07-23,1079834.708408203,-0.002401272433158049,839057.91015625,0.0,251.71737304687497,0.0,919144.3359375,160690.3724707031,-0.00054371357
2025-07-24,1078210.196689453,-0.0015044077636147775,839057.91015625,0.0,251.71737304687497,0.0,917519.82421875,160690.3724707031,0.005440712
2025-07-25,1064889.298251953,-0.012354639641139191,839057.91015625,0.0,251.71737304687497,0.0,904198.92578125,160690.3724707031,-0.0043290257
2025-07-28,1061640.274814453,-0.0030510433740233538,839057.91015625,0.0,251.71737304687497,0.0,900949.90234375,160690.3724707031,0.0021739006
2025-07-29,1054817.423251953,-0.006426707543374291,839057.91015625,0.0,251.71737304687497,0.0,894127.05078125,160690.3724707031,0.0043383837
2025-07-30,1066513.809970703,0.011088541448898885,839057.91015625,0.0,251.71737304687497,0.0,905823.4375,160690.3724707031,-0.0005399585
2025-07-31,1051243.497470703,-0.014317969778956236,839057.91015625,0.0,251.71737304687497,0.0,890553.125,160690.3724707031,-0.01566714
2025-08-01,1054492.520908203,0.0030906478330825983,839057.91015625,0.0,251.71737304687497,0.0,893802.1484375,160690.3724707031,-0.004390776
2025-08-04,1053517.813876953,-0.0009243375480847545,839057.91015625,0.0,251.71737304687497,0.0,892827.44140625,160690.3724707031,0.0038588047
2025-08-05,1055792.130283203,0.0021587830564349926,839057.91015625,0.0,251.71737304687497,0.0,895101.7578125,160690.3724707031,0.0065897703
2025-08-06,1056441.934970703,0.0006154665003287134,839057.91015625,0.0,251.71737304687497,0.0,895751.5625,160690.3724707031,0.0021822453
2025-08-07,1056441.934970703,0.0,839057.91015625,0.0,251.71737304687497,0.0,895751.5625,160690.3724707031,-0.0005443692
2025-08-08,1047669.5716894531,-0.008303687113190142,839057.91015625,0.0,251.71737304687497,0.0,886979.19921875,160690.3724707031,-0.0016340017
2025-08-11,1056441.934970703,0.008373215676297374,839057.91015625,0.0,251.71737304687497,0.0,895751.5625,160690.3724707031,0.0038188696
2025-08-12,1053192.911533203,-0.003075439671551945,839057.91015625,0.0,251.71737304687497,0.0,892502.5390625,160690.3724707031,0.0048912764
2025-08-13,1053517.813876953,0.0003084927178982035,839057.91015625,0.0,251.71737304687497,0.0,892827.44140625,160690.3724707031,0.0070308447
2025-08-14,1044420.5482519531,-0.00863513222573986,839057.91015625,0.0,251.71737304687497,0.0,883730.17578125,160690.3724707031,-0.0010740757
2025-08-15,1043120.9388769531,-0.0012443353179666528,839057.91015625,0.0,251.71737304687497,0.0,882430.56640625,160690.3724707031,0.0075268745
2025-08-18,1044420.5482519531,0.0012458856174425834,839057.91015625,0.0,251.71737304687497,0.0,883730.17578125,160690.3724707031,0.006403446
2025-08-19,1044745.4505957031,0.0003110838294916632,839057.91015625,0.0,251.71737304687497,0.0,884055.078125,160690.3724707031,-0.0042417645
2025-08-20,1052868.009189453,0.007774677160947181,839057.91015625,0.0,251.71737304687497,0.0,892177.63671875,160690.3724707031,0.011714578
2025-08-21,1058716.153720703,0.0055544897178062946,839057.91015625,0.0,251.71737304687497,0.0,898025.78125,160690.3724707031,0.002631545
2025-08-22,1060340.665439453,0.0015344166734784308,839057.91015625,0.0,251.71737304687497,0.0,899650.29296875,160690.3724707031,0.01942265
2025-08-25,1075935.977939453,0.014707832122553367,839057.91015625,0.0,251.71737304687497,0.0,915245.60546875,160690.3724707031,0.016477823
2025-08-26,1081134.317783203,0.004831458330546253,839057.91015625,0.0,251.71737304687497,0.0,920443.9453125,160690.3724707031,-0.004559219
2025-08-27,1064239.493564453,-0.015626942869958804,839057.91015625,0.0,251.71737304687497,0.0,903549.12109375,160690.3724707031,-0.012213767
2025-08-28,1060340.665439453,-0.003663487540705402,839057.91015625,0.0,251.71737304687497,0.0,899650.29296875,160690.3724707031,0.015971184
2025-08-29,1088931.974033203,0.02696426679240909,839057.91015625,0.0,251.71737304687497,0.0,928241.6015625,160690.3724707031,0.008113623
2025-09-01,1079184.903720703,-0.008951036928779537,839057.91015625,0.0,251.71737304687497,0.0,918494.53125,160690.3724707031,0.0025150776
2025-09-02,1078860.001376953,-0.00030106272116097534,839057.91015625,0.0,251.71737304687497,0.0,918169.62890625,160690.3724707031,-0.0045158267
2025-09-03,1067488.517001953,-0.010540278034672277,839057.91015625,0.0,251.71737304687497,0.0,906798.14453125,160690.3724707031,-0.008064449
2025-09-04,1075611.075595703,0.007609036035874417,839057.91015625,0.0,251.71737304687497,0.0,914920.703125,160690.3724707031,-0.017276466
2025-09-05,1076260.880283203,0.0006041260658645787,839057.91015625,0.0,251.71737304687497,0.0,915570.5078125,160690.3724707031,0.018614292
2025-09-08,1077235.587314453,0.0009056419768722983,839057.91015625,0.0,251.71737304687497,0.0,916545.21484375,160690.3724707031,0.00050759315
2025-09-09,1088607.071689453,0.010556172214240616,839057.91015625,0.0,251.71737304687497,0.0,927916.69921875,160690.3724707031,-0.0050735474
2025-09-10,1084383.341220703,-0.003879940318773626,839057.91015625,0.0,251.71737304687497,0.0,923692.96875,160690.3724707031,0.0015298128
2025-09-11,1093805.509189453,0.0086889641426466,839057.91015625,0.0,251.71737304687497,0.0,933115.13671875,160690.3724707031,0.022912502
2025-09-12,1078535.099033203,-0.013960809328493777,839057.91015625,0.0,251.71737304687497,0.0,917844.7265625,160690.3724707031,-0.006968677
2025-09-15,1077885.294345703,-0.0006024882158053862,839057.91015625,0.0,251.71737304687497,0.0,917194.921875,160690.3724707031,0.0015038252
2025-09-16,1073011.856845703,-0.00452129510029012,839057.91015625,0.0,251.71737304687497,0.0,912321.484375,160690.3724707031,-0.0015015006
2025-09-17,1073011.856845703,0.0,839057.91015625,0.0,251.71737304687497,0.0,912321.484375,160690.3724707031,0.0060150623
2025-09-18,1062614.981845703,-0.009689431606621147,839057.91015625,0.0,251.71737304687497,0.0,901924.609375,160690.3724707031,-0.010961592
2025-09-19,1060665.567783203,-0.0018345441159826079,839057.91015625,0.0,251.71737304687497,0.0,899975.1953125,160690.3724707031,0.0020151138
2025-09-22,1055792.130283203,-0.004594697563517134,839057.91015625,0.0,251.71737304687497,0.0,895101.7578125,160690.3724707031,0.0025137663
2025-09-23,1050268.790439453,-0.005231465252794065,839057.91015625,0.0,251.71737304687497,0.0,889578.41796875,160690.3724707031,0.0005015135
2025-09-24,1051243.497470703,0.0009280548371261832,839057.91015625,0.0,251.71737304687497,0.0,890553.125,160690.3724707031,0.008020043
2025-09-25,1036947.7943457031,-0.013598850465563321,839057.91015625,0.0,251.71737304687497,0.0,876257.421875,160690.3724707031,0.0054700375
2025-09-26,1046369.9623144531,0.00908644390790689,839057.91015625,0.0,251.71737304687497,0.0,885679.58984375,160690.3724707031,-0.007912993
2025-09-29,1044095.6459082031,-0.0021735299064008554,839057.91015625,0.0,251.71737304687497,0.0,883405.2734375,160690.3724707031,0.01445663
2025-09-30,1047019.7670019531,0.0028006256947910773,839057.91015625,0.0,251.71737304687497,0.0,886329.39453125,160690.3724707031,0.0024569035
2025-10-09,1058391.251376953,0.010860811546625434,839057.91015625,0.0,251.71737304687497,0.0,897700.87890625,160690.3724707031,0.013235211
2025-10-10,1062290.079501953,0.0036837304918456914,839057.91015625,0.0,251.71737304687497,0.0,901599.70703125,160690.3724707031,-0.017416537
2025-10-13,1055792.130283203,-0.006116925446387033,839057.91015625,0.0,251.71737304687497,0.0,895101.7578125,160690.3724707031,-0.0049237013
2025-10-14,1060340.665439453,0.0043081730065840824,839057.91015625,0.0,251.71737304687497,0.0,899650.29296875,160690.3724707031,-0.008411646
2025-10-15,1059041.056064453,-0.0012256526768794473,839057.91015625,0.0,251.71737304687497,0.0,898350.68359375,160690.3724707031,0.011476994
2025-10-16,1064239.493564453,0.004908626979314789,839057.91015625,0.0,251.71737304687497,0.0,903549.12109375,160690.3724707031,0.0024667978
2025-10-17,1049294.083408203,-0.014043277144501938,839057.91015625,0.0,251.71737304687497,0.0,888603.7109375,160690.3724707031,-0.017716527
2025-10-20,1053192.911533203,0.003715667691879335,839057.91015625,0.0,251.71737304687497,0.0,892502.5390625,160690.3724707031,0.0030059814
2025-10-21,1051243.497470703,-0.001850956307389221,839057.91015625,0.0,251.71737304687497,0.0,890553.125,160690.3724707031,0.012987018
2025-10-22,1046045.0599707031,-0.0049450365329320465,839057.91015625,0.0,251.71737304687497,0.0,885354.6875,160690.3724707031,-0.0029585958
2025-10-23,1049943.888095703,0.00372720858230436,839057.91015625,0.0,251.71737304687497,0.0,889253.515625,160690.3724707031,0.003461957
2025-10-24,1047019.7670019531,-0.0027850260636817464,839057.91015625,0.0,251.71737304687497,0.0,886329.39453125,160690.3724707031,0.01034987
2025-10-27,1051243.497470703,0.004034050360714923,839057.91015625,0.0,251.71737304687497,0.0,890553.125,160690.3724707031,0.010244012
2025-10-28,1046694.8646582031,-0.004326906966315527,839057.91015625,0.0,251.71737304687497,0.0,886004.4921875,160690.3724707031,-0.0043457747
2025-10-29,1043770.7435644531,-0.002793671004304457,839057.91015625,0.0,251.71737304687497,0.0,883080.37109375,160690.3724707031,0.010669231
2025-10-30,1049618.985751953,0.005602994933090643,839057.91015625,0.0,251.71737304687497,0.0,888928.61328125,160690.3724707031,-0.0067179203
2025-10-31,1051243.497470703,0.00154771563853353,839057.91015625,0.0,251.71737304687497,0.0,890553.125,160690.3724707031,-0.012077212
2025-11-03,1052543.106845703,0.0012362591332330394,839057.91015625,0.0,251.71737304687497,0.0,891852.734375,160690.3724707031,0.0014669895
2025-11-04,1040196.8177832031,-0.011729960494919455,839057.91015625,0.0,251.71737304687497,0.0,879506.4453125,160690.3724707031,-0.0063476562
2025-11-05,1046045.0599707031,0.0056222457976398904,839057.91015625,0.0,251.71737304687497,0.0,885354.6875,160690.3724707031,0.0009827614
2025-11-06,1045070.3529394531,-0.0009318021455761178,839057.91015625,0.0,251.71737304687497,0.0,884379.98046875,160690.3724707031,0.012763858
2025-11-07,1047344.6693457031,0.002176232824759659,839057.91015625,0.0,251.71737304687497,0.0,886654.296875,160690.3724707031,-0.0014541745
2025-11-10,1079184.903720703,0.030400913192111922,839057.91015625,0.0,251.71737304687497,0.0,918494.53125,160690.3724707031,0.0019416809
2025-11-11,1081784.122470703,0.0024085017692878027,839057.91015625,0.0,251.71737304687497,0.0,921093.75,160690.3724707031,-0.0077518225
2025-11-12,1086007.852939453,0.0039044115928632403,839057.91015625,0.0,251.71737304687497,0.0,925317.48046875,160690.3724707031,0.0
2025-11-13,1089256.876376953,0.002991712655397474,839057.91015625,0.0,251.71737304687497,0.0,928566.50390625,160690.3724707031,0.0087890625
2025-11-14,1081784.122470703,-0.006860414717881428,839057.91015625,0.0,251.71737304687497,0.0,921093.75,160690.3724707031,-0.012584686
2025-11-17,1088931.974033203,0.006607465772537791,839057.91015625,0.0,251.71737304687497,0.0,928241.6015625,160690.3724707031,-0.005882263
2025-11-18,1119797.501376953,0.02834477091294306,839057.91015625,0.0,251.71737304687497,0.0,959107.12890625,160690.3724707031,-0.0049310923
2025-11-19,1121746.915439453,0.0017408630222008118,839057.91015625,0.0,251.71737304687497,0.0,961056.54296875,160690.3724707031,0.002477765
2025-11-20,1115898.770908203,-0.005213425997216979,839057.91015625,0.0,251.71737304687497,0.0,955208.3984375,160690.3724707031,-0.00395447
2025-11-21,1106151.700595703,-0.008734726273214815,839057.91015625,0.0,251.71737304687497,0.0,945461.328125,160690.3724707031,-0.020347476
2025-11-24,1099978.556064453,-0.005580739538641523,839057.91015625,0.0,251.71737304687497,0.0,939288.18359375,160690.3724707031,-0.0015197396
2025-11-25,1108101.114658203,0.007384288129044273,839057.91015625,0.0,251.71737304687497,0.0,947410.7421875,160690.3724707031,0.007610321
2025-11-26,1108750.919345703,0.0005864128091780091,839057.91015625,0.0,251.71737304687497,0.0,948060.546875,160690.3724707031,0.005538821
2025-11-27,1104527.188876953,-0.0038094493497624437,839057.91015625,0.0,251.71737304687497,0.0,943836.81640625,160690.3724707031,-0.0010014772
2025-11-28,1115248.966220703,0.009707119436916307,839057.91015625,0.0,251.71737304687497,0.0,954558.59375,160690.3724707031,0.002506256
2025-12-01,1116873.477939453,0.0014566359332795974,839057.91015625,0.0,251.71737304687497,0.0,956183.10546875,160690.3724707031,0.009500027
2025-12-02,1114274.259189453,-0.0023272275699440566,839057.91015625,0.0,251.71737304687497,0.0,953583.88671875,160690.3724707031,-0.0034670234
2025-12-03,1111675.040439453,-0.0023326561917446855,839057.91015625,0.0,251.71737304687497,0.0,950984.66796875,160690.3724707031,-0.003976226
2025-12-04,1102577.774814453,-0.00818338569642059,839057.91015625,0.0,251.71737304687497,0.0,941887.40234375,160690.3724707031,0.0019960403
2025-12-05,1100303.458408203,-0.002062726510728672,839057.91015625,0.0,251.71737304687497,0.0,939613.0859375,160690.3724707031,0.007968187
2025-12-08,1097704.337314453,-0.0023621856987617947,839057.91015625,0.0,251.71737304687497,0.0,937013.96484375,160690.3724707031,0.005928874
2025-12-09,1095105.118564453,-0.0023678677961308054,839057.91015625,0.0,251.71737304687497,0.0,934414.74609375,160690.3724707031,-0.0044204593
2025-12-10,1088607.071689453,-0.005933719754244354,839057.91015625,0.0,251.71737304687497,0.0,927916.69921875,160690.3724707031,-0.0009866357
2025-12-11,1083083.731845703,-0.005073768109165511,839057.91015625,0.0,251.71737304687497,0.0,922393.359375,160690.3724707031,-0.006419778
2025-12-12,1093155.704501953,0.009299348111420865,839057.91015625,0.0,251.71737304687497,0.0,932465.33203125,160690.3724707031,0.004970193
2025-12-15,1097379.434970703,0.003863795844777988,839057.91015625,0.0,251.71737304687497,0.0,936689.0625,160690.3724707031,-0.004945576
2025-12-16,1101278.165439453,0.003552764289640698,839057.91015625,0.0,251.71737304687497,0.0,940587.79296875,160690.3724707031,-0.008449316
2025-12-17,1113832.755283203,0.011400017032699663,839057.91015625,0.0,251.71737304687497,0.0,953142.3828125,160690.3724707031,0.014536262
2025-12-18,1117797.306064453,0.003559377081025036,839057.91015625,0.0,251.71737304687497,0.0,957106.93359375,160690.3724707031,-0.005928755
2025-12-19,1124735.294345703,0.006206839329106373,839057.91015625,0.0,251.71737304687497,0.0,964044.921875,160690.3724707031,0.0039761066
2025-12-22,1122092.227939453,-0.0023499452889380185,839057.91015625,0.0,251.71737304687497,0.0,961401.85546875,160690.3724707031,0.007425785
2025-12-23,1116475.821689453,-0.0050052982367711895,839057.91015625,0.0,251.71737304687497,0.0,955785.44921875,160690.3724707031,0.0019655228
2025-12-24,1114823.868564453,-0.0014796138822784912,839057.91015625,0.0,251.71737304687497,0.0,954133.49609375,160690.3724707031,0.0029426813
2025-12-25,1125396.036533203,0.009483263021954912,839057.91015625,0.0,251.71737304687497,0.0,964705.6640625,160690.3724707031,0.001955986
2025-12-26,1122092.227939453,-0.0029356852934433863,839057.91015625,0.0,251.71737304687497,0.0,961401.85546875,160690.3724707031,0.002928257
2025-12-29,1114493.497470703,-0.006771930398897674,839057.91015625,0.0,251.71737304687497,0.0,953803.125,160690.3724707031,-0.0034062862
2025-12-30,1108546.720126953,-0.005335856474035933,839057.91015625,0.0,251.71737304687497,0.0,947856.34765625,160690.3724707031,0.0014648438
2025-12-31,1105573.282626953,-0.0026822843331848712,839057.91015625,0.0,251.71737304687497,0.0,944882.91015625,160690.3724707031,-0.0034130812
2026-01-05,1105903.653720703,0.00029882333350621964,839057.91015625,0.0,251.71737304687497,0.0,945213.28125,160690.3724707031,0.016634107
2026-01-06,1106234.024814453,0.0002987340647971451,839057.91015625,0.0,251.71737304687497,0.0,945543.65234375,160690.3724707031,0.013474464
2026-01-07,1099626.505283203,-0.005972985266257987,839057.91015625,0.0,251.71737304687497,0.0,938936.1328125,160690.3724707031,-0.0033237934
2026-01-08,1061302.579501953,-0.034851766119787984,839057.91015625,0.0,251.71737304687497,0.0,900612.20703125,160690.3724707031,-0.0066698194
2026-01-09,1075178.458408203,0.013074385358378814,839057.91015625,0.0,251.71737304687497,0.0,914488.0859375,160690.3724707031,0.0038368702
2026-01-12,1077160.782626953,0.001843716457717003,839057.91015625,0.0,251.71737304687497,0.0,916470.41015625,160690.3724707031,0.004777789
2026-01-13,1070222.794345703,-0.0064409959897814015,839057.91015625,0.0,251.71737304687497,0.0,909532.421875,160690.3724707031,-0.0028530955
2026-01-14,1065927.872470703,-0.00401311007174517,839057.91015625,0.0,251.71737304687497,0.0,905237.5,160690.3724707031,-0.0052455664
2026-01-15,1059981.095126953,-0.005578967862024311,839057.91015625,0.0,251.71737304687497,0.0,899290.72265625,160690.3724707031,0.0014381409
2026-01-16,1051721.622470703,-0.007792094306418522,839057.91015625,0.0,251.71737304687497,0.0,891031.25,160690.3724707031,-0.0028722286
2026-01-19,1055686.173251953,0.0037695818898697575,839057.91015625,0.0,251.71737304687497,0.0,894995.80078125,160690.3724707031,0.00048017502
2026-01-20,1058659.513095703,0.002816499750670102,839057.91015625,0.0,251.71737304687497,0.0,897969.140625,160690.3724707031,-0.0023992658
2026-01-21,1047426.7005957031,-0.01061041095937749,839057.91015625,0.0,251.71737304687497,0.0,886736.328125,160690.3724707031,0.00096201897
2026-01-22,1046435.4896582031,-0.0009463296447725349,839057.91015625,0.0,251.71737304687497,0.0,885745.1171875,160690.3724707031,-0.00048059225
2026-01-23,1046765.8607519531,0.000315710903361954,839057.91015625,0.0,251.71737304687497,0.0,886075.48828125,160690.3724707031,-0.0043268204
2026-01-26,1042140.5677832031,-0.004418650953545028,839057.91015625,0.0,251.71737304687497,0.0,881450.1953125,160690.3724707031,0.0014485121
2026-01-27,1031898.8685644531,-0.009827560249895756,839057.91015625,0.0,251.71737304687497,0.0,871208.49609375,160690.3724707031,0.0
2026-01-28,1024300.1380957031,-0.007363832542350906,839057.91015625,0.0,251.71737304687497,0.0,863609.765625,160690.3724707031,0.0024108887
2026-01-29,1047096.3295019531,0.022255382537222788,839057.91015625,0.0,251.71737304687497,0.0,886405.95703125,160690.3724707031,0.0076960325
2026-01-30,1030907.7552832031,-0.015460444051456112,839057.91015625,0.0,251.71737304687497,0.0,870217.3828125,160690.3724707031,-0.0100239515
2026-02-02,1034541.9349707031,0.0035252229589655634,839057.91015625,0.0,251.71737304687497,0.0,873851.5625,160690.3724707031,-0.019768536
2026-02-03,1039497.5990332031,0.004790201242678808,839057.91015625,0.0,251.71737304687497,0.0,878807.2265625,160690.3724707031,0.011805177
2026-02-04,1053043.106845703,0.013030821644126972,839057.91015625,0.0,251.71737304687497,0.0,892352.734375,160690.3724707031,0.007778287
2026-02-05,1059650.626376953,0.006274690455020628,839057.91015625,0.0,251.71737304687497,0.0,898960.25390625,160690.3724707031,-0.0053063035
2026-02-06,1055355.704501953,-0.004053148998443713,839057.91015625,0.0,251.71737304687497,0.0,894665.33203125,160690.3724707031,-0.0053346157
2026-02-09,1055355.704501953,0.0,839057.91015625,0.0,251.71737304687497,0.0,894665.33203125,160690.3724707031,0.014139295
2026-02-10,1044453.2630957031,-0.010330584616866216,839057.91015625,0.0,251.71737304687497,0.0,883762.890625,160690.3724707031,0.00096154213
2026-02-11,1048417.8138769531,0.003795814443146346,839057.91015625,0.0,251.71737304687497,0.0,887727.44140625,160690.3724707031,-0.0019211769
2026-02-12,1039827.9701269531,-0.00819314936879558,839057.91015625,0.0,251.71737304687497,0.0,879137.59765625,160690.3724707031,0.0009623766
2026-02-13,1035533.0482519531,-0.004130415797985921,839057.91015625,0.0,251.71737304687497,0.0,874842.67578125,160690.3724707031,-0.010096133
2026-02-24,1031898.8685644531,-0.0035094772625892828,839057.91015625,0.0,251.71737304687497,0.0,871208.49609375,160690.3724707031,0.008256435
2026-02-25,1029586.1732519531,-0.0022412034579680786,839057.91015625,0.0,251.71737304687497,0.0,868895.80078125,160690.3724707031,0.0057803392
2026-02-26,1023639.3959082031,-0.0057758908367689845,839057.91015625,0.0,251.71737304687497,0.0,862949.0234375,160690.3724707031,-0.0023946762
2026-02-27,1022317.9115332031,-0.0012909667020264885,839057.91015625,0.0,251.71737304687497,0.0,861627.5390625,160690.3724707031,-0.0019202828
2026-03-02,1019674.8451269531,-0.0025853664270501808,839057.91015625,0.0,251.71737304687497,0.0,858984.47265625,160690.3724707031,0.0024050474
2026-03-03,1017362.2474707031,-0.002267975587808164,839057.91015625,0.0,251.71737304687497,0.0,856671.875,160690.3724707031,-0.010556638
2026-03-04,1007120.4505957031,-0.01006701093977338,839057.91015625,0.0,251.71737304687497,0.0,846430.078125,160690.3724707031,-0.012124181
2026-03-05,1008772.4037207031,0.0016402736376000347,839057.91015625,0.0,251.71737304687497,0.0,848082.03125,160690.3724707031,0.0078547
2026-03-06,1026612.8334082031,0.017685287208193144,839057.91015625,0.0,251.71737304687497,0.0,865922.4609375,160690.3724707031,0.002435565
2026-03-09,1028925.4310644531,0.002252648302254821,839057.91015625,0.0,251.71737304687497,0.0,868235.05859375,160690.3724707031,-0.0068027973
2026-03-10,1032889.9818457031,0.0038530982533384927,839057.91015625,0.0,251.71737304687497,0.0,872199.609375,160690.3724707031,0.0097846985
2026-03-11,1034211.5638769531,0.001279499321784905,839057.91015625,0.0,251.71737304687497,0.0,873521.19140625,160690.3724707031,0.004844904
2026-03-12,1043131.7787207031,0.008625135470648533,839057.91015625,0.0,251.71737304687497,0.0,882441.40625,160690.3724707031,-0.0028928518
2026-03-13,1043131.7787207031,0.0,839057.91015625,0.0,251.71737304687497,0.0,882441.40625,160690.3724707031,-0.0033848882
2026-03-16,1047426.7005957031,0.004117333938639366,839057.91015625,0.0,251.71737304687497,0.0,886736.328125,160690.3724707031,0.0009703636
2026-03-17,1048417.8138769531,0.0009462364103247741,839057.91015625,0.0,251.71737304687497,0.0,887727.44140625,160690.3724707031,-0.0063015223
2026-03-18,1042140.5677832031,-0.005987351617517179,839057.91015625,0.0,251.71737304687497,0.0,881450.1953125,160690.3724707031,0.0029268265
2026-03-19,1034211.5638769531,-0.007608382353943133,839057.91015625,0.0,251.71737304687497,0.0,873521.19140625,160690.3724707031,-0.011673093
2026-03-20,1032559.6107519531,-0.0015973067626582288,839057.91015625,0.0,251.71737304687497,0.0,871869.23828125,160690.3724707031,-0.0039370656
2026-03-23,1002825.5287207031,-0.028796479856108646,839057.91015625,0.0,251.71737304687497,0.0,842135.15625,160690.3724707031,-0.026679814
2026-03-24,1009763.5170019531,0.006918440030242089,839057.91015625,0.0,251.71737304687497,0.0,849073.14453125,160690.3724707031,0.009137034
2026-03-25,1015710.2943457031,0.00588927728485015,839057.91015625,0.0,251.71737304687497,0.0,855019.921875,160690.3724707031,0.012072444
2026-03-26,1018022.9896582031,0.0022769241636856545,839057.91015625,0.0,251.71737304687497,0.0,857332.6171875,160690.3724707031,-0.010437369
2026-03-27,1024960.8802832031,0.0068150628183056726,839057.91015625,0.0,251.71737304687497,0.0,864270.5078125,160690.3724707031,0.0040180683
2026-03-30,1032889.9818457031,0.007736004090526011,839057.91015625,0.0,251.71737304687497,0.0,872199.609375,160690.3724707031,-0.0015007257
2026-03-31,1031238.1263769531,-0.0015992559689641372,839057.91015625,0.0,251.71737304687497,0.0,870547.75390625,160690.3724707031,-0.007014036
2026-04-01,1030577.3841894531,-0.0006407270741835198,839057.91015625,0.0,251.71737304687497,0.0,869887.01171875,160690.3724707031,0.013118029
2026-04-02,1033881.0951269531,0.003205689342870998,839057.91015625,0.0,251.71737304687497,0.0,873190.72265625,160690.3724707031,-0.007968068
2026-04-03,1029916.6420019531,-0.0038345348838332263,839057.91015625,0.0,251.71737304687497,0.0,869226.26953125,160690.3724707031,-0.0065261126
2026-04-07,1030577.3841894531,0.0006415491900544967,839057.91015625,0.0,251.71737304687497,0.0,869887.01171875,160690.3724707031,-0.0015159249
2026-04-08,1034211.5638769531,0.0035263530359326434,839057.91015625,0.0,251.71737304687497,0.0,873521.19140625,160690.3724707031,0.029352188
2026-04-09,1023639.3959082031,-0.010222442233306763,839057.91015625,0.0,251.71737304687497,0.0,862949.0234375,160690.3724707031,-0.005899608
2026-04-10,1024300.1380957031,0.0006454833510132443,839057.91015625,0.0,251.71737304687497,0.0,863609.765625,160690.3724707031,0.01285851
2026-04-13,1018353.3607519531,-0.0058056980786957355,839057.91015625,0.0,251.71737304687497,0.0,857662.98828125,160690.3724707031,0.001953125
2026-04-14,1019344.4740332031,0.0009732508571662797,839057.91015625,0.0,251.71737304687497,0.0,858654.1015625,160690.3724707031,0.010721207
